firstName,lastName,postcode,houseNumber,street,city,registration,make,model,engineSize,country
Worth,Throssell,LE15,0250,High Crossing,Normanton,61715-074,Ford,Taurus,2,United Kingdom
Bran,Aldrin,M14,147,Luster,Manchester,56062-590,Toyota,Echo,4,United Kingdom
Vic,Klammt,LE15,39178,Mccormick,Seaton,36800-117,Audi,TT,5,United Kingdom
Branden,Auger,EC1V,98812,Green,London,11673-977,Volvo,C70,3,United Kingdom
Donelle,Ginity,SY4,62,Haas,Pentre,68094-193,Lincoln,Navigator,2,United Kingdom
Kliment,Garry,CV35,31513,Manitowish,Walton,0555-0140,Ford,Mustang,2,United Kingdom
Ardra,Kilalea,EH9,65,Loeprich,Edinburgh,68016-089,Toyota,Paseo,4,United Kingdom
Linette,Perroni,OX12,5356,Brentwood,Charlton,63629-3610,Subaru,Forester,4,United Kingdom
Catrina,Bennoe,NN11,20,Eggendart,Norton,60429-072,Kia,Rio,4,United Kingdom
Sawyer,Dagnan,LE14,9,Hovde,Twyford,24236-364,Chevrolet,Monte Carlo,2,United Kingdom
Brenden,Oneill,AB56,6,Carpenter,Milton,10096-9488,Audi,100,5,United Kingdom
Kingsly,Durber,N3,93,Mallard,Church End,62670-3914,Mazda,Familia,5,United Kingdom
Guillaume,Tuckerman,DN22,1119,Marcy,Eaton,0003-2188,Honda,Pilot,3,United Kingdom
Crichton,Girhard,NR34,682,Lakeland,Brampton,0245-1071,Oldsmobile,Cutlass Cruiser,2,United Kingdom
Matthus,Borgnet,NN4,2102,Messerschmidt,Wootton,0268-1365,Ford,F350,5,United Kingdom
Carmine,Breewood,BS41,581,Moulton,Bristol,11084-062,Audi,Allroad,3,United Kingdom
Gothart,Gaukrodge,AB39,0,Walton,Aberdeen,50051-0016,Ford,Focus,2,United Kingdom
Armin,Dovington,PR1,90,Mandrake,Preston,76151-261,Toyota,4Runner,2,United Kingdom
Ransom,Appleford,SG4,934,Jenifer,Langley,0268-0902,Ford,Fiesta,2,United Kingdom
Lila,Boumphrey,CV35,0,Colorado,Walton,16729-123,Geo,Prizm,4,United Kingdom
Gonzales,Scarre,L74,47371,Warrior,Liverpool,0944-3045,Suzuki,Aerio,5,United Kingdom
Ailyn,Rushbury,DL10,9617,Main,Whitwell,50419-702,GMC,Savana 1500,2,United Kingdom
Rosalinde,Russilll,NG34,7,Fair Oaks,Newton,57237-099,Honda,Accord,1,United Kingdom
Marianne,Renton,SW19,4,Hansons,Merton,52810-201,Toyota,Camry,4,United Kingdom
Olia,Conachy,S8,8,Oak Valley,Norton,55154-8377,Audi,200,5,United Kingdom
Trudi,Perrie,GL54,217,Sugar,Ford,59316-205,GMC,Sierra 2500,4,United Kingdom
Levon,De Morena,WF9,850,Moland,Upton,55714-8015,Land Rover,Range Rover Sport,5,United Kingdom
Timmy,Blaker,PH43,792,Carey,Kinloch,51346-161,Mazda,Protege,3,United Kingdom
Louella,Wilds,OX12,43,Debs,Charlton,58876-108,Ford,Crown Victoria,2,United Kingdom
Thelma,Baudone,LE14,857,Forster,Twyford,49288-0944,Honda,Insight,1,United Kingdom
Egbert,Troppmann,WF9,08884,Reindahl,Upton,0093-4180,Honda,CR-V,1,United Kingdom
Tibold,Barkworth,L33,8589,Thompson,Liverpool,64679-701,Subaru,Forester,3,United Kingdom
Jesselyn,Ellingworth,ST20,8152,Loomis,Marston,53389-411,Dodge,Aspen,5,United Kingdom
Tome,Worton,DN21,51111,Scoville,Upton,0781-2248,Subaru,Alcyone SVX,1,United Kingdom
Christan,Elmhirst,SN13,8,Barby,Ashley,49884-604,Dodge,D350,2,United Kingdom
Thaine,Betke,L74,21529,Mesta,Liverpool,66761-309,Isuzu,Ascender,1,United Kingdom
Dyanne,Gilberthorpe,DL8,455,Banding,Carlton,58986-030,Bentley,Continental GTC,2,United Kingdom
Enriqueta,Fillery,BS41,84,Buhler,Bristol,36800-266,Nissan,Altima,4,United Kingdom
Starlin,Upjohn,BT66,97287,Shelley,Craigavon,49999-246,Toyota,Avalon,1,United Kingdom
Harriott,Iddiens,EH9,5688,2nd,Edinburgh,64117-289,Porsche,911,4,United Kingdom
Zea,Wayon,WC1B,776,Grasskamp,London,0093-7326,Saab,9000,3,United Kingdom
Gayla,Yeandel,NN4,8111,Hazelcrest,Wootton,0168-0139,Dodge,Stratus,5,United Kingdom
Fina,Stonham,S8,81232,Merchant,Norton,16729-262,Mazda,Mazda3,1,United Kingdom
Shanan,Kenneford,TF6,2,Dryden,Aston,10812-525,Chevrolet,Express 2500,5,United Kingdom
Broddie,Hessay,NN11,71120,Kennedy,Norton,68016-277,Ford,Escort,1,United Kingdom
Maurene,Fairbrother,EH52,7,Browning,Burnside,15127-711,Dodge,Neon,1,United Kingdom
Zacharia,Boulden,LE14,7629,Di Loreto,Twyford,63868-369,Audi,riolet,5,United Kingdom
Arther,Bree,L74,8995,Steensland,Liverpool,0517-0740,Lexus,GX,5,United Kingdom
Cecilius,Lowle,L74,0,Sachs,Liverpool,61519-001,Dodge,Avenger,1,United Kingdom
Dredi,Kemble,PH43,9,Porter,Kinloch,63323-122,Chrysler,Sebring,2,United Kingdom
Harper,Leyes,NE46,39733,Stoughton,Newbiggin,46088-010,Nissan,Quest,4,United Kingdom
Genovera,Titchmarsh,SN13,570,Commercial,Ashley,21130-005,Lexus,LS,2,United Kingdom
Liane,Steventon,W1F,4,Troy,London,55289-694,Acura,Vigor,1,United Kingdom
Cristal,Hanbury-Brown,G4,3,Dayton,Glasgow,51079-485,Mazda,MPV,3,United Kingdom
Worthington,Barnson,NR29,122,Russell,Newport,54868-6015,Ford,Econoline E350,4,United Kingdom
Bethena,Mathiasen,LE15,5575,Rockefeller,Normanton,21695-325,Volkswagen,Golf,4,United Kingdom
Jannel,Houseman,NG34,273,Barnett,Newton,36987-1886,Mitsubishi,Chariot,4,United Kingdom
Edgar,Askam,LE16,9,Bunker Hill,Middleton,48951-3138,Lexus,GX,5,United Kingdom
Yolande,Freeman,DL10,694,Sachs,Whitwell,57955-5019,Saab,9-3,1,United Kingdom
Rod,Buckner,SY4,4,Thierer,Pentre,42068-001,Dodge,Journey,5,United Kingdom
Paul,Mardling,S33,7,Goodland,Sheffield,0597-0121,Hyundai,Veracruz,5,United Kingdom
Denney,Shackell,DL10,547,Kinsman,Whitwell,29300-115,Pontiac,Grand Am,4,United Kingdom
Leigh,Dunrige,RH5,24,Pierstorff,Sutton,0228-3064,Toyota,MR2,4,United Kingdom
Abigale,Englishby,AB39,59658,Beilfuss,Aberdeen,65954-559,Pontiac,Bonneville,5,United Kingdom
Torie,Ariss,NN11,69,Ruskin,Norton,20276-155,Acura,TSX,1,United Kingdom
Hagan,Hutchinson,DL8,1,Barby,Carlton,60505-0040,Pontiac,Gemini,3,United Kingdom
Ethelin,Troup,CT15,56744,Granby,Sutton,0363-0294,Subaru,Loyale,3,United Kingdom
Kathryne,Renachowski,N3,9,Barnett,Church End,68151-2640,Mercury,Marquis,4,United Kingdom
York,Verbeke,WF9,95,Northland,Upton,51393-7436,Mazda,Protege,4,United Kingdom
Rhianna,Newlin,BD23,7,Harper,Linton,62007-009,Ford,F350,5,United Kingdom
Granny,Lindwall,AB55,78588,Schlimgen,Tullich,10191-1889,Volkswagen,GTI,5,United Kingdom
Napoleon,Potkins,BS41,23679,Straubel,Bristol,65044-2074,Chrysler,Sebring,2,United Kingdom
Abra,Knights,AB39,0,Raven,Aberdeen,63323-172,MINI,Cooper Clubman,5,United Kingdom
Paco,Aslen,WC2H,2,Porter,London,63187-053,Oldsmobile,LSS,5,United Kingdom
Kaylyn,Vila,M34,06754,Melvin,Denton,36987-1362,Buick,LeSabre,4,United Kingdom
Caryn,Demangeot,NE46,0,Heath,Newbiggin,51079-882,Hyundai,Equus,2,United Kingdom
Janot,Hamlet,BT2,512,High Crossing,Belfast,49035-127,Audi,TT,1,United Kingdom
Cymbre,Milmoe,EH52,3,Michigan,Burnside,57472-006,Infiniti,G,5,United Kingdom
Kathye,Sillett,M14,8,Dixon,Manchester,54569-0194,Mitsubishi,Galant,1,United Kingdom
Keven,Khristoforov,IV1,290,Huxley,Newton,43353-920,Mercedes-Benz,SLS-Class,4,United Kingdom
Giffie,Donaher,N3,62963,Dayton,Church End,36987-2612,Pontiac,Bonneville,1,United Kingdom
Catrina,Stanlick,CV35,3,Sutherland,Hatton,50563-101,Mercedes-Benz,M-Class,2,United Kingdom
Roldan,Wedon,B40,09804,Hoepker,Birmingham,37205-194,Isuzu,Amigo,5,United Kingdom
Arne,Dockree,AB56,07,Nelson,Milton,16714-501,Ford,LTD Crown Victoria,1,United Kingdom
Noell,Braam,NG22,5,Hanover,Milton,0409-7941,Chrysler,Town & Country,4,United Kingdom
Rudd,Griswood,WC1B,3730,Shasta,London,24236-625,GMC,Rally Wagon 2500,3,United Kingdom
Nonnah,McMychem,GL54,2163,Emmet,Ford,0462-0153,Acura,NSX,3,United Kingdom
Dan,Mounter,BD23,76,Little Fleur,Thorpe,58411-224,Kia,Mentor,5,United Kingdom
Lynea,Francke,CB4,77263,Quincy,Church End,64117-765,Mitsubishi,Endeavor,4,United Kingdom
Kienan,Snarr,AB39,3,Calypso,Aberdeen,68151-4718,Volvo,V40,1,United Kingdom
Tudor,Barefoot,NN4,8726,Autumn Leaf,Wootton,60512-2016,Suzuki,Esteem,3,United Kingdom
Regina,Tavner,TF6,615,Knutson,Aston,0187-0796,Toyota,Land Cruiser,2,United Kingdom
Zollie,Schirok,BS37,3204,Schlimgen,Horton,59883-166,Ford,Expedition,4,United Kingdom
Raynell,Sheards,KW10,0025,Clemons,Kirkton,54569-5273,Chevrolet,G-Series 2500,3,United Kingdom
Erwin,Verzey,DN36,15,Banding,West End,64725-0169,Volkswagen,Scirocco,4,United Kingdom
Lonnie,Shimmings,SY4,92,Mosinee,Pentre,43742-0307,Ford,Festiva,3,United Kingdom
Dinny,Rubinovitch,DL8,706,Hanson,Carlton,51004-2010,Lotus,Evora,4,United Kingdom
Isadora,McIlharga,CV35,750,Main,Walton,48951-8142,Lexus,HS,3,United Kingdom
Sharline,Wanjek,BT2,66034,Sunbrook,Belfast,0093-7543,Nissan,Altima,2,United Kingdom
Christabella,Livezey,SN13,406,Elgar,Ashley,68233-031,Chrysler,LHS,5,United Kingdom
Gordan,Sabattier,M14,54209,Farragut,Manchester,36987-1975,Mercedes-Benz,E-Class,5,United Kingdom
Elset,Elkins,DL8,4,Di Loreto,Carlton,36987-2113,MINI,Cooper,4,United Kingdom
Noah,Zecchinelli,LS6,7,Truax,Leeds,59667-0101,Acura,Integra,2,United Kingdom
Conant,Gozney,DN36,63,Cambridge,West End,53808-0695,Isuzu,Rodeo,5,United Kingdom
Theodore,Ludmann,DL8,746,Dawn,Carlton,67038-104,Pontiac,Fiero,2,United Kingdom
Noll,Cabral,CT16,7711,Homewood,Buckland,0068-0019,Ford,Bronco,5,United Kingdom
Harald,Gozzett,GU32,4798,Iowa,Weston,37205-429,GMC,3500,1,United Kingdom
De,Alenshev,KW10,71,Claremont,Kirkton,61016-0001,Nissan,Xterra,3,United Kingdom
Cirilo,Sawkin,BD23,45,Lakewood,Thorpe,51346-047,Pontiac,Parisienne,1,United Kingdom
Delinda,Coller,SW1E,8,Old Gate,London,42002-215,Mazda,B-Series Plus,1,United Kingdom
August,Di Biagio,L33,58,Sheridan,Liverpool,41520-766,Mercury,Grand Marquis,1,United Kingdom
Tim,Sommerled,LE15,0399,Green Ridge,Normanton,49738-344,Mazda,B-Series Plus,5,United Kingdom
Tyrone,Richardes,LN6,889,Village Green,Stapleford,42507-484,MINI,Clubman,5,United Kingdom
Arlinda,Rowett,B12,43847,Warrior,Birmingham,24471-200,Dodge,Aries,5,United Kingdom
Paige,Wroth,NR34,9,Green Ridge,Brampton,53489-331,Cadillac,CTS-V,5,United Kingdom
Clarette,Jentin,BT66,715,Lighthouse Bay,Craigavon,0093-7383,Mitsubishi,Galant,4,United Kingdom
Gerhardine,Vasichev,TF6,50361,Sloan,Aston,0299-5908,Lamborghini,Gallardo,3,United Kingdom
Farley,Bengefield,DL8,4234,Carioca,Carlton,10956-200,Mitsubishi,Mighty Max,3,United Kingdom
Sharyl,Sillis,ST20,927,7th,Marston,52605-138,Ford,Taurus,3,United Kingdom
Allison,Hartfield,DT10,625,Iowa,Kingston,33992-0109,Spyker,C8,1,United Kingdom
Angelica,Wolffers,LS6,0751,Kensington,Leeds,57955-6235,Subaru,Loyale,3,United Kingdom
Jacintha,Bladen,L74,4,Clarendon,Liverpool,23635-582,Cadillac,XLR-V,5,United Kingdom
Robbie,Dell'Abbate,OX7,0211,Melby,Dean,36987-3005,Mitsubishi,Galant,5,United Kingdom
Dina,Ableson,OX7,6635,Glendale,Dean,68788-9507,Ford,Fusion,1,United Kingdom
Lindsay,Moulding,G4,156,Cascade,Glasgow,61703-344,Dodge,Dakota,3,United Kingdom
Aurelia,Shill,L33,67,Utah,Liverpool,24236-360,Alfa Romeo,Spider,3,United Kingdom
Orv,Durtnal,EH9,85422,Montana,Edinburgh,44523-510,Lincoln,Town Car,2,United Kingdom
Mathias,Corbett,W1F,05022,Becker,London,54868-6211,Lincoln,LS,2,United Kingdom
Loretta,Kenwright,DT10,82148,Sundown,Kingston,0085-0854,Mazda,B-Series Plus,3,United Kingdom
Jeanie,Frizzell,PH43,2098,Ruskin,Kinloch,17089-398,Toyota,Avalon,2,United Kingdom
Selby,Hew,BH21,95242,Commercial,East End,57896-201,Maserati,Karif,5,United Kingdom
Lauryn,Dix,W1F,62,Melody,London,29336-304,Mazda,323,2,United Kingdom
Chic,Rosin,EC1V,652,Continental,London,42627-217,Ford,Expedition EL,4,United Kingdom
Geoffry,Knapman,LN6,8205,Armistice,Stapleford,51060-043,Volkswagen,Passat,1,United Kingdom
Rabi,Seares,N3,5,Tennyson,Church End,59039-002,Ford,Focus,4,United Kingdom
Emmy,Gery,M14,10175,Hanover,Manchester,11673-379,Geo,Tracker,5,United Kingdom
Catie,Bonney,W1F,57496,Carpenter,London,49967-452,Toyota,T100 Xtra,2,United Kingdom
Paten,Haslehurst,BD7,35230,Lighthouse Bay,Bradford,36800-430,Pontiac,Safari,1,United Kingdom
Pammie,Beton,TF6,13,High Crossing,Aston,65862-459,Audi,A8,5,United Kingdom
Quill,Ricardin,LN6,5816,New Castle,Stapleford,25373-012,Ford,Focus,4,United Kingdom
Jeniffer,Austwick,PH43,21,Badeau,Kinloch,60505-0223,Cadillac,Seville,5,United Kingdom
Clevey,Geist,GU32,80909,Dottie,Weston,36987-2511,Audi,A6,2,United Kingdom
Edith,Lapthorne,BD7,709,Transport,Bradford,44523-560,Chevrolet,3500,3,United Kingdom
Drake,Glazebrook,BD7,77712,Cardinal,Bradford,17433-9884,Chevrolet,Express 1500,5,United Kingdom
Edgardo,Antoszewski,NG34,2907,Kennedy,Newton,52125-567,Subaru,Impreza,4,United Kingdom
Tammi,Hinksen,SG4,955,Crowley,Langley,51655-155,Ford,Econoline E250,2,United Kingdom
Stace,Oddie,BT66,1,Northview,Craigavon,67457-584,GMC,Rally Wagon 2500,2,United Kingdom
Keelby,Sange,M14,6,Leroy,Manchester,51769-980,Saab,900,1,United Kingdom
Tabby,Gout,WF9,01049,Bayside,Upton,0078-0351,Ford,Taurus,1,United Kingdom
Allsun,Scading,GL54,4965,Hayes,Ford,62307-251,Honda,S2000,2,United Kingdom
Clemmie,Pickup,LE16,12512,Anhalt,Middleton,65044-4351,Isuzu,i-290,1,United Kingdom
Monti,Sahlstrom,LE14,66,Melby,Twyford,50563-202,Audi,riolet,1,United Kingdom
Inesita,Eadmeads,EH9,29198,Stoughton,Edinburgh,52686-332,Mercury,Tracer,1,United Kingdom
Ignaz,Goulborne,NG34,25,Huxley,Newton,52709-0901,Dodge,D250,5,United Kingdom
Emelita,Bunce,EH52,95003,Lyons,Burnside,53645-1190,Lotus,Esprit,3,United Kingdom
Zared,Faulks,LN6,71,Oriole,Stapleford,76296-005,Cadillac,Seville,4,United Kingdom
Munmro,Chrestien,CV35,00394,Bartillon,Walton,49035-667,Mazda,626,3,United Kingdom
Donal,Vennart,LN6,4,Fremont,Stapleford,52125-962,Dodge,Neon,2,United Kingdom
Pincas,Caslin,EH9,796,5th,Edinburgh,70253-532,Dodge,Ram 3500,2,United Kingdom
Paola,Phinnessy,CV35,3350,Carioca,Walton,59779-327,Chrysler,Cirrus,3,United Kingdom
Cathlene,Mardling,NG34,7,Boyd,Newton,51393-6333,Pontiac,Grand Prix,5,United Kingdom
Rodolph,Kamen,B12,823,Sheridan,Birmingham,10812-237,Lincoln,Town Car,3,United Kingdom
Clarinda,Olerenshaw,LE14,49,6th,Twyford,65044-2414,Dodge,Ram Van 2500,4,United Kingdom
Catharine,Schenfisch,LS9,14190,Steensland,Halton,33261-085,GMC,Safari,2,United Kingdom
Adelina,Soppit,SW19,0813,Old Gate,Merton,40032-060,Chevrolet,S10,1,United Kingdom
Nady,Burgise,BD23,47,Heath,Thorpe,36987-1902,GMC,Yukon XL 1500,2,United Kingdom
Ardenia,Guslon,LE15,479,Gulseth,Seaton,52731-7045,Ford,Escort,2,United Kingdom
Bartel,Woodnutt,LS9,5,Pawling,Halton,13537-379,Buick,Regal,4,United Kingdom
Kimble,Dorow,L74,9084,Bultman,Liverpool,0409-7965,Cadillac,Eldorado,1,United Kingdom
Emily,Pitts,LE16,3226,American,Middleton,54365-400,Acura,RL,2,United Kingdom
Seymour,Lavelle,ST20,66,Reinke,Marston,50458-564,Land Rover,Range Rover,4,United Kingdom
Becka,Leatherbarrow,NE46,5373,Bunting,Newbiggin,62670-4793,Honda,del Sol,3,United Kingdom
Tove,Cescon,LE15,9002,Continental,Normanton,0555-0633,GMC,Savana 2500,2,United Kingdom
Raye,Watkiss,G4,070,Lotheville,Glasgow,0074-2586,Audi,90,5,United Kingdom
Yolanda,Tatters,DN36,164,Kim,West End,0013-2150,Geo,Tracker,3,United Kingdom
Tymon,Rydzynski,EC1V,18110,Red Cloud,London,30142-927,Buick,Century,1,United Kingdom
Amalea,Tritton,WC1B,5,Old Gate,London,52125-626,Toyota,Tundra,1,United Kingdom
Barb,Clapison,M14,7378,Prairieview,Manchester,53346-1313,Suzuki,Grand Vitara,4,United Kingdom
Vivia,Organ,SW19,931,Magdeline,Merton,68479-116,Infiniti,QX56,2,United Kingdom
Kendra,Harries,KW10,1862,Hallows,Kirkton,10096-0268,BMW,5 Series,4,United Kingdom
Evey,Witten,ST20,26410,Crest Line,Marston,33261-463,Chevrolet,Express 1500,1,United Kingdom
Reeba,Aldwich,L33,2548,Haas,Liverpool,59535-1301,Chevrolet,Blazer,2,United Kingdom
Barby,Traut,SN1,2,Muir,Swindon,10736-011,Land Rover,Range Rover,3,United Kingdom
Jamie,Hercock,CB4,33,High Crossing,Church End,13537-416,Plymouth,Voyager,5,United Kingdom
Cobbie,Lount,CV35,29146,Monterey,Hatton,51079-888,Volvo,V50,3,United Kingdom
Horace,Vye,AB39,11,Fieldstone,Aberdeen,58503-012,Chevrolet,Cobalt SS,4,United Kingdom
Tommi,Twiname,SN1,26,Morning,Swindon,49288-0764,Ford,LTD Crown Victoria,5,United Kingdom
Isak,Scamerdine,GU32,7,Crest Line,Weston,11084-054,Mazda,Protege,4,United Kingdom
Philbert,McGeachy,AB55,37332,Ridgeway,Tullich,29500-903,Chevrolet,G-Series G30,3,United Kingdom
Jereme,Berrisford,LS6,127,Tennyson,Leeds,49035-452,GMC,Sierra 1500,4,United Kingdom
Sunny,Gomar,N3,4,Sauthoff,Church End,37205-445,Toyota,Camry,3,United Kingdom
Lamond,Hegel,CV35,157,Amoth,Walton,65162-347,Corbin,Sparrow,3,United Kingdom
Rosalia,McTrustrie,LE16,344,Jay,Middleton,55316-396,Chevrolet,Silverado,5,United Kingdom
Noby,Bulch,CH48,6,Reindahl,Wirral,43269-823,Chevrolet,Cobalt SS,2,United Kingdom
Cosme,Krolik,ST20,926,Welch,Marston,54868-5836,Lincoln,Navigator,4,United Kingdom
Dulcy,Comben,DL10,2587,Fieldstone,Whitwell,55513-710,Ford,Edge,3,United Kingdom
Amos,Perrott,SW1E,3173,Debs,London,35356-514,Honda,Odyssey,3,United Kingdom
Annmaria,Sherry,LE15,09,Lakewood Gardens,Normanton,57913-2525,BMW,530,2,United Kingdom
Lorry,Kirwin,NE46,685,Cambridge,Newbiggin,43857-0074,Ford,E350,3,United Kingdom
Gaile,Moscrop,NR34,0013,Westridge,Brampton,0074-2277,Chevrolet,Tahoe,1,United Kingdom
Hubert,Pawfoot,SN1,19444,Clove,Swindon,67046-467,Acura,TL,1,United Kingdom
Jenelle,Heining,IV1,18,Messerschmidt,Newton,58118-0168,Nissan,Sentra,4,United Kingdom
Alon,Knappett,NG34,1,Old Gate,Newton,51991-338,Saab,9000,3,United Kingdom
Ellie,Gothup,LS9,76309,David,Halton,13537-548,Acura,MDX,2,United Kingdom
Ancell,Weddell,CH48,6525,Monument,Wirral,43353-414,Mazda,Miata MX-5,2,United Kingdom
Kristel,Francescotti,DL10,8,Sunfield,Whitwell,59762-1810,Audi,RS4,3,United Kingdom
Jennie,Ribbens,BH21,2392,Morning,East End,68472-078,Porsche,Boxster,4,United Kingdom
Jemima,Duesbury,N3,494,Union,Church End,43772-0016,Pontiac,Gemini,5,United Kingdom
Myrlene,Peeke,CT16,99886,Mitchell,Buckland,48951-3032,Mazda,B-Series,3,United Kingdom
Carlie,Kemwall,TF6,90,Doe Crossing,Aston,0378-5208,Toyota,Corolla,1,United Kingdom
Griz,Saldler,BS14,1,Florence,Whitchurch,0641-6034,Subaru,Legacy,2,United Kingdom
Leeann,Duell,CV35,4844,Florence,Walton,0409-1849,Dodge,Ram 3500,1,United Kingdom
Kelcie,Hanvey,SN13,8,Monterey,Ashley,16571-140,Ford,Explorer,1,United Kingdom
Ingeberg,Groven,AB39,7,Village Green,Aberdeen,0591-0698,Chevrolet,Express 1500,1,United Kingdom
Jordan,Jarry,SN1,4011,Claremont,Swindon,43419-851,Acura,ZDX,5,United Kingdom
Eugenio,Trymme,DN22,9077,Lawn,Eaton,65044-9943,Mazda,CX-9,5,United Kingdom
Yorker,Gorring,CT16,578,Maple,Buckland,54868-5099,BMW,525,5,United Kingdom
Malynda,Josefs,LE16,6570,International,Middleton,0006-0461,MINI,Clubman,4,United Kingdom
Faun,Toffetto,DL10,3242,Sunfield,Whitwell,55154-0878,Nissan,Rogue,5,United Kingdom
Lindy,Christophle,CB4,1699,Lake View,Church End,55111-255,BMW,530,5,United Kingdom
Birk,Foulds,PH43,80,Summit,Kinloch,24987-075,Mercedes-Benz,300TE,4,United Kingdom
Enos,Cashell,M34,2,Prairie Rose,Denton,59011-415,Nissan,Maxima,2,United Kingdom
Eloise,Stitle,LE14,978,Eastlawn,Twyford,49035-173,Mercedes-Benz,C-Class,3,United Kingdom
Merrilee,Winspeare,LE15,11,Hazelcrest,Seaton,10477-0809,Ford,Aerostar,5,United Kingdom
Camila,Jancso,CV35,67912,Mosinee,Walton,0703-2395,Mitsubishi,GTO,3,United Kingdom
Sibyl,Birkmyre,CV35,6,Helena,Hatton,42851-070,Infiniti,G,2,United Kingdom
Harmonia,Aspital,NN11,7531,Comanche,Norton,43063-390,Ford,Crown Victoria,1,United Kingdom
Aguie,Walczynski,LE16,3876,Coleman,Middleton,54569-0350,Volvo,240,5,United Kingdom
Myrvyn,Tillyer,NR29,037,Almo,Newport,36987-2351,Kia,Sedona,4,United Kingdom
Mindy,Bulford,CH48,4,Truax,Wirral,0555-0859,GMC,Yukon XL 2500,4,United Kingdom
Christi,Hadye,RH5,31435,Hoard,Sutton,41520-403,Toyota,Tercel,2,United Kingdom
Catlin,Oughtright,M34,8,Oakridge,Denton,62756-260,Toyota,Avalon,3,United Kingdom
Neddie,Bowe,CV35,764,Upham,Hatton,21695-705,Mercury,Mountaineer,1,United Kingdom
Luigi,Hiner,RH5,58049,Westend,Sutton,55138-007,Acura,TL,4,United Kingdom
Brice,Cotter,CT15,77,Redwing,Sutton,63629-3548,GMC,3500,3,United Kingdom
Farris,Maciunas,LN6,4,Bartelt,Stapleford,49288-0765,GMC,Sierra 2500,4,United Kingdom
Susan,Seathwright,NR34,20837,Butterfield,Brampton,37808-061,Ford,E250,3,United Kingdom
Stacy,Bantock,BT66,55,Crest Line,Craigavon,0591-1159,Mazda,RX-7,3,United Kingdom
Lynette,Kenney,SG4,79,Darwin,Langley,0268-6212,Cadillac,XLR,1,United Kingdom
Ralina,Sandells,M14,4161,Anniversary,Manchester,49349-436,Audi,V8,1,United Kingdom
Hart,Pottes,BH21,453,Blue Bill Park,East End,54868-5468,Ford,Contour,5,United Kingdom
Ashley,Lanfare,WF9,0,Katie,Upton,48951-8231,Hyundai,Scoupe,3,United Kingdom
Wilona,Vannikov,G4,66135,Clemons,Glasgow,43598-219,Mitsubishi,3000GT,3,United Kingdom
Robyn,Norrington,EH52,840,Commercial,Burnside,42221-0013,Jeep,Commander,4,United Kingdom
Broderick,Rutty,RH5,2,Continental,Sutton,53942-055,BMW,M3,1,United Kingdom
Marcos,Lebang,NE46,9736,Buell,Newbiggin,0067-6394,Mitsubishi,Excel,2,United Kingdom
Palm,Korpolak,PR1,9197,Kedzie,Preston,59970-050,Mazda,MX-5,4,United Kingdom
Jemimah,Scholefield,OX7,8191,Pond,Dean,36987-1922,Mitsubishi,Lancer,4,United Kingdom
Klara,Ingarfill,OX12,9,Ridgeway,Charlton,50580-191,Ford,Mustang,5,United Kingdom
Terrence,Skamal,SN13,5133,Corscot,Ashley,34666-071,Toyota,4Runner,5,United Kingdom
Pauly,Birkmyr,B40,77553,Continental,Birmingham,10096-0168,Oldsmobile,Intrigue,4,United Kingdom
Josey,Siemens,WC2H,31747,Sundown,London,48951-8031,Ford,Econoline E350,3,United Kingdom
Dolli,Rayburn,N3,40013,Claremont,Church End,23155-010,Mercury,Sable,1,United Kingdom
Lora,Spindler,B12,8534,Old Shore,Birmingham,0173-0831,Nissan,Xterra,3,United Kingdom
Arte,Viall,ST20,9236,Northview,Marston,49580-0024,Dodge,Ram 1500 Club,2,United Kingdom
Roselle,Barrick,BS14,053,Rutledge,Whitchurch,52125-568,Geo,Metro,3,United Kingdom
Rockey,Wrathmell,ST20,2,Manufacturers,Marston,41167-0943,Volkswagen,Touareg 2,1,United Kingdom
Rycca,Kersley,KW10,10173,Sachtjen,Kirkton,0597-0137,Ford,Ranger,4,United Kingdom
Lars,Hegdonne,NG34,2162,Reinke,Newton,41250-458,Audi,S4,3,United Kingdom
Egbert,Frobisher,SN1,737,Hovde,Swindon,0054-8486,Pontiac,Torrent,4,United Kingdom
Remy,MacNulty,BT66,898,Lien,Craigavon,54868-1967,Chevrolet,Camaro,5,United Kingdom
Jervis,McAlister,LE15,53003,Daystar,Normanton,63629-4484,Nissan,Stanza,3,United Kingdom
Darb,Gavrieli,SW1E,8617,Union,London,0268-6727,Mercedes-Benz,E-Class,2,United Kingdom
D'arcy,Fernie,LS6,5,Dexter,Leeds,54569-0554,Suzuki,Swift,5,United Kingdom
Buddy,Artharg,L74,2609,Charing Cross,Liverpool,0378-5420,Oldsmobile,88,3,United Kingdom
Leigha,Pruckner,RG20,3995,Old Gate,Newtown,59115-044,Subaru,Forester,1,United Kingdom
Abagail,Crocken,CV35,13846,Forest,Hatton,51143-311,Mitsubishi,Galant,1,United Kingdom
Meris,Radbourn,EC3M,49,Manufacturers,London,16590-810,Chrysler,Town & Country,4,United Kingdom
Bev,Hubbins,EH9,7,Sullivan,Edinburgh,41415-210,Lexus,ES,5,United Kingdom
Tirrell,Getch,NE46,79407,Kropf,Newbiggin,50458-655,Porsche,Boxster,1,United Kingdom
Gray,MacIlwrick,NG34,69302,Barby,Newton,37000-732,Ram,1500,4,United Kingdom
Gerry,Russel,AB56,7757,Schiller,Milton,52125-447,Chevrolet,Suburban 1500,2,United Kingdom
Fred,Casaletto,S33,1,Westend,Sheffield,0113-0544,Audi,S4,4,United Kingdom
Alonso,Houchen,IV1,9302,Old Gate,Newton,65162-048,Isuzu,Rodeo,5,United Kingdom
Yehudi,Kettridge,OX7,42671,Michigan,Dean,63629-4014,Ford,Econoline E350,4,United Kingdom
Lannie,Roseveare,SY4,4066,Bay,Pentre,41163-160,Hyundai,Accent,5,United Kingdom
Caleb,Garbott,PR1,8628,Anthes,Preston,63629-1728,Volkswagen,Touareg,1,United Kingdom
Felike,Adaway,S33,04,Golf,Sheffield,56062-837,Honda,Odyssey,1,United Kingdom
Nolie,Kenforth,S1,82162,Knutson,Sheffield,17575-018,Oldsmobile,Achieva,5,United Kingdom
Fernanda,Babbidge,LE15,458,Petterle,Normanton,49348-078,Mercedes-Benz,E-Class,1,United Kingdom
Pauletta,O' Mullan,M14,1,Huxley,Manchester,11822-0737,Jaguar,XJ Series,2,United Kingdom
Melodee,Lazenby,PR1,1,Shoshone,Preston,63739-466,Mitsubishi,Pajero,3,United Kingdom
Hamlin,Ferryn,AB55,8,Fuller,Tullich,0781-5634,Kia,Mohave/Borrego,3,United Kingdom
Fallon,Klezmski,BD7,7105,Starling,Bradford,40046-0053,Buick,LaCrosse,4,United Kingdom
Simonne,Klaus,W1F,655,Stephen,London,49349-268,Lexus,IS,1,United Kingdom
Delmar,Newitt,KW10,1,Buena Vista,Kirkton,49738-160,Nissan,Murano,2,United Kingdom
Simone,Chardin,NG22,776,Marquette,Milton,10019-115,Hyundai,Santa Fe,2,United Kingdom
Archambault,Paur,S8,0,Waubesa,Norton,0378-7109,Oldsmobile,98,1,United Kingdom
Rupert,Madden,NN11,4386,Oak,Norton,36987-1403,Nissan,Xterra,1,United Kingdom
Reina,Alasdair,CV35,98,Anderson,Hatton,0904-6256,Alfa Romeo,Spider,1,United Kingdom
Bat,Duiguid,SN13,5,Warrior,Ashley,55714-4492,Mercury,Mountaineer,2,United Kingdom
Adan,Seakings,PH43,642,Monica,Kinloch,43353-263,Volkswagen,Golf,3,United Kingdom
Susan,Driffill,OX12,59768,Lakewood,Charlton,76167-003,Saturn,Sky,5,United Kingdom
Enrichetta,Cotgrove,EH52,9485,Rieder,Burnside,48951-1109,Chevrolet,Cobalt,5,United Kingdom
Eartha,Beckworth,BH21,944,Reinke,East End,68151-2899,Buick,Park Avenue,2,United Kingdom
Wenonah,Caley,WC1B,8,Corben,London,58118-0797,Volkswagen,Golf III,3,United Kingdom
Marin,Bridgen,N3,249,Quincy,Church End,52544-951,Lexus,LS Hybrid,5,United Kingdom
Oralia,Butland,BS37,2334,Melby,Horton,76105-479,Ford,Fiesta,1,United Kingdom
Candace,Cattermull,LS9,35546,Linden,Halton,63833-891,Chrysler,Town & Country,4,United Kingdom
Delinda,Bernardino,NN4,771,Meadow Valley,Wootton,10544-602,Volkswagen,Type 2,3,United Kingdom
Tiertza,Cranch,DN21,49,Springs,Upton,37000-099,Hyundai,Tiburon,3,United Kingdom
Geordie,Sigward,BS37,26617,Kensington,Horton,59779-720,Mitsubishi,Mighty Max,5,United Kingdom
Robin,Bardell,B40,607,Arapahoe,Birmingham,43269-783,Mercedes-Benz,SLR McLaren,3,United Kingdom
Kerstin,Gatheridge,SY4,2070,David,Pentre,63354-001,Audi,RS 6,4,United Kingdom
Zorana,Mattinson,NN11,39,Thompson,Norton,49349-173,Chrysler,New Yorker,1,United Kingdom
Hatti,Yarwood,B40,5,Haas,Birmingham,59779-717,Dodge,Ram Van 3500,1,United Kingdom
Saxe,Guppie,AB56,05,Crownhardt,Milton,37000-733,Jaguar,XJ,4,United Kingdom
Marget,Boddy,S8,67,Wayridge,Norton,63629-3379,Infiniti,Q,5,United Kingdom
Gawen,Filyashin,AB55,68,Hovde,Tullich,24236-300,Ford,F250,4,United Kingdom
Jeff,Daspar,S8,7730,Meadow Ridge,Norton,61096-0022,Toyota,Tercel,1,United Kingdom
Lars,Krier,AB56,79,Carpenter,Milton,55289-453,BMW,325,2,United Kingdom
Padraic,Joanaud,M34,9545,Ilene,Denton,60505-2554,Mercedes-Benz,SL-Class,4,United Kingdom
Ky,Swede,BT66,63700,Wayridge,Craigavon,65862-559,Land Rover,Range Rover,1,United Kingdom
Sigrid,Twohig,BD7,8126,Duke,Bradford,0135-0547,Pontiac,G3,3,United Kingdom
Zaneta,Hrishchenko,CH48,0197,Heath,Wirral,24338-856,Volkswagen,Jetta,5,United Kingdom
Lane,Rulten,EC1V,172,David,London,55526-0005,Mercury,Mountaineer,3,United Kingdom
Alisa,Swadlinge,DL10,50,Linden,Whitwell,15310-106,BMW,M,1,United Kingdom
Flinn,Jurczak,NG34,18,Charing Cross,Newton,0378-1560,Honda,Pilot,4,United Kingdom
Desmund,MacPhee,NR34,5,Beilfuss,Brampton,42291-227,Mazda,RX-7,1,United Kingdom
Jessee,McCambridge,BD23,875,2nd,Linton,63354-781,Mitsubishi,Pajero,1,United Kingdom
Cecil,Ruffy,NR29,961,Warbler,Newport,68084-031,Chevrolet,2500,4,United Kingdom
Tabbatha,Dumper,LE15,83136,Autumn Leaf,Normanton,0143-2112,Chevrolet,Astro,2,United Kingdom
Kin,Askam,WC2H,2855,Upham,London,52000-010,Mazda,Tribute,3,United Kingdom
Marwin,Owbridge,OX7,6,Canary,Dean,62750-065,Volkswagen,Corrado,5,United Kingdom
Tansy,Tewnion,BH21,8,International,East End,35356-993,Lexus,LS,4,United Kingdom
Clio,Van der Velde,BS37,5027,Gateway,Horton,65342-1379,Subaru,Impreza,5,United Kingdom
Mirabel,Seyffert,DL8,30763,Norway Maple,Carlton,43063-316,BMW,3 Series,4,United Kingdom
Whitney,Harcombe,DN21,61591,Center,Upton,54868-4860,Mazda,CX-5,4,United Kingdom
Ame,Nance,OX12,53,Scofield,Charlton,68462-180,Mazda,MX-5,5,United Kingdom
Aliza,Zywicki,BS37,30883,Bultman,Horton,64117-926,Ford,F250,5,United Kingdom
Henderson,Toone,BD23,60,Scofield,Thorpe,11822-0406,Lexus,GS,4,United Kingdom
Atalanta,Lathaye,IV1,5902,Arrowood,Newton,55504-0050,Oldsmobile,Intrigue,2,United Kingdom
Clair,Folli,LE16,097,Moulton,Middleton,0004-0038,Tesla,Roadster,5,United Kingdom
Cicily,Brunt,TF6,7,Rusk,Aston,68788-9534,Cadillac,STS,1,United Kingdom
Laverne,Moehler,M34,0,Thierer,Denton,57955-0817,Honda,Civic,4,United Kingdom
Lambert,Harrowing,NR29,35,Buhler,Newport,36987-3411,Chevrolet,1500,5,United Kingdom
Hilarius,Marrett,AB56,79864,Emmet,Milton,67544-154,GMC,Sierra,3,United Kingdom
Haydon,Harkins,NE46,47602,Magdeline,Newbiggin,52099-8000,Land Rover,LR2,1,United Kingdom
Mar,Tithecott,BT66,014,Melby,Craigavon,0054-0062,Toyota,Avalon,4,United Kingdom
Saul,Shilleto,DL10,67173,Shoshone,Whitwell,49288-0625,Cadillac,DeVille,3,United Kingdom
Casie,Goggen,SW19,6,Wayridge,Merton,37000-088,BMW,Z3,2,United Kingdom
Abrahan,Jentges,DN22,2,Lukken,Eaton,57520-0726,Nissan,Maxima,2,United Kingdom
Tracie,Vowels,L74,6,Utah,Liverpool,36987-3285,Suzuki,Daewoo Magnus,3,United Kingdom
Delcine,Lakin,LE16,010,Roxbury,Middleton,57344-028,Toyota,Celica,1,United Kingdom
Nanice,Marvin,KW10,9,Di Loreto,Kirkton,35356-689,Chevrolet,Camaro,4,United Kingdom
Merwin,Doubrava,BS41,8,Valley Edge,Bristol,65121-623,Bentley,Continental GT,4,United Kingdom
Conny,Jillis,CV35,4,Sugar,Walton,54473-117,GMC,Suburban 1500,5,United Kingdom
Agnesse,Giotto,DN22,38,Elmside,Eaton,13925-117,Chevrolet,Impala,1,United Kingdom
Ora,Girardez,EH9,8808,Pennsylvania,Edinburgh,55154-5361,Mercedes-Benz,G-Class,5,United Kingdom
Ezri,Elsdon,PR1,973,Redwing,Preston,37000-067,BMW,760,1,United Kingdom
Alberto,Phare,NN11,8,Village Green,Norton,37808-346,Volvo,S60,3,United Kingdom
Marigold,Dorricott,NG22,387,Esch,Milton,61995-2383,Honda,Accord,4,United Kingdom
Arlen,Naptine,SW1E,1468,Park Meadow,London,67544-038,Honda,S2000,4,United Kingdom
Madison,McGinnell,LE14,38174,Old Shore,Twyford,36987-2931,Nissan,NV3500,3,United Kingdom
Rickie,Eminson,NR34,849,Sunnyside,Brampton,0781-2261,Honda,Odyssey,1,United Kingdom
Udale,Monni,WF9,3201,La Follette,Upton,13668-331,Dodge,Ram 1500,2,United Kingdom
Liva,Phizacklea,NG22,08874,Village Green,Milton,52959-890,Mercedes-Benz,W201,1,United Kingdom
Sky,Gyurko,S33,31085,Lien,Sheffield,10096-0225,Chrysler,PT Cruiser,5,United Kingdom
Cole,Goode,DT10,1,Elgar,Kingston,61957-1051,Honda,Odyssey,3,United Kingdom
Saunderson,Holberry,CB4,3,Hanover,Church End,59746-385,Buick,Enclave,1,United Kingdom
Lammond,Mayes,RH5,5156,Wayridge,Sutton,54868-5197,Chevrolet,Camaro,4,United Kingdom
Michaela,Waistell,BD7,381,Valley Edge,Bradford,63629-4017,Pontiac,Firebird,2,United Kingdom
Ethelind,Chillistone,CT15,52923,Thompson,Sutton,50114-1072,Toyota,TundraMax,1,United Kingdom
Brinn,Kunc,BS14,70706,Monica,Whitchurch,0268-0605,Chevrolet,Silverado 3500,3,United Kingdom
Cassie,Jarad,TF6,66989,Monica,Aston,55154-5106,Audi,A3,4,United Kingdom
Hirsch,Klimentyonok,SN1,51,Clemons,Swindon,13533-604,Honda,Prelude,5,United Kingdom
Thekla,Kornilov,DN36,7,Harbort,West End,55111-209,Land Rover,Discovery Series II,3,United Kingdom
Blondy,Minshull,CV35,68936,Bayside,Hatton,0574-0611,Cadillac,Escalade ESV,3,United Kingdom
Kerry,Rumming,KW10,074,Scofield,Kirkton,57955-0005,BMW,Z3,2,United Kingdom
Germain,Senton,G4,44,Pierstorff,Glasgow,43063-109,Bentley,Continental GTC,3,United Kingdom
Scot,Wescott,CT15,429,Acker,Sutton,68645-465,BMW,5 Series,4,United Kingdom
Udall,Duddan,W1F,574,Dryden,London,63776-710,Aston Martin,V8 Vantage,3,United Kingdom
Etheline,Desmond,BS41,8660,Killdeer,Bristol,67457-471,Toyota,Sienna,3,United Kingdom
Peria,Balma,DL8,10,Fairview,Carlton,49527-006,Chevrolet,Lumina,1,United Kingdom
Kelwin,Dundridge,L74,64,Petterle,Liverpool,0054-8496,Ford,Escort,5,United Kingdom
Ainslee,Ellcome,CV35,6,Porter,Hatton,15127-963,Hyundai,Entourage,2,United Kingdom
King,Harlow,CT16,26,Texas,Buckland,48951-5016,Honda,CR-V,4,United Kingdom
Fancy,Elden,OX7,88,Stone Corner,Dean,0052-0316,Chevrolet,S10,2,United Kingdom
Darcey,Gerner,IV1,649,Hansons,Newton,0555-0513,Mercedes-Benz,SL-Class,3,United Kingdom
Oralla,Hurling,LE16,7493,Westerfield,Middleton,36987-2743,Mitsubishi,Galant,3,United Kingdom
Jecho,Shermar,L74,9576,Bunting,Liverpool,0186-0625,Toyota,Prius,2,United Kingdom
Annabell,Van de Castele,W1F,36872,American,London,30142-044,Ford,F250,1,United Kingdom
Barbra,Cale,WC2H,30085,6th,London,16714-336,GMC,Canyon,4,United Kingdom
David,Kornalik,S8,57034,Bluejay,Norton,58232-0225,Oldsmobile,Silhouette,4,United Kingdom
Anne-marie,Rampling,S1,505,Clemons,Sheffield,76282-419,Land Rover,Range Rover Sport,3,United Kingdom
Roderick,Jiroudek,NG34,13,Union,Newton,49349-711,Mitsubishi,Mirage,5,United Kingdom
Patrizius,Summerrell,LE16,64,Merchant,Middleton,54868-1780,Honda,Odyssey,5,United Kingdom
Kris,Bostock,S33,183,Fulton,Sheffield,50227-0511,Pontiac,Bonneville,3,United Kingdom
Wenonah,Blaylock,SY4,24846,Shopko,Pentre,55502-1001,Ford,Escape,5,United Kingdom
Drud,Mazzilli,SG4,78,Declaration,Langley,54569-4210,Hummer,H1,3,United Kingdom
Dido,Combe,S33,6769,Buena Vista,Sheffield,0078-0606,Subaru,Impreza,1,United Kingdom
Oneida,Timmis,EC1V,1,Kensington,London,61010-5600,Chevrolet,Sportvan G30,1,United Kingdom
Fitz,Skune,BT66,4,Village Green,Craigavon,0573-1900,Mercury,Mountaineer,2,United Kingdom
Lola,Garoghan,LS9,02,Elgar,Halton,42254-076,Land Rover,Defender,5,United Kingdom
Constantia,Jandel,NG22,55,Knutson,Milton,11559-729,Mercedes-Benz,S-Class,1,United Kingdom
Oberon,Myring,AB55,8,Buell,Tullich,68382-792,Saab,9-2X,2,United Kingdom
Gannon,Finley,M34,37,Graedel,Denton,76174-130,Honda,Civic,1,United Kingdom
Wylie,Devin,LS6,14,Sundown,Leeds,11822-0751,Chevrolet,Monte Carlo,1,United Kingdom
Jolynn,Valentin,M14,35501,Sachs,Manchester,63354-041,BMW,6 Series,3,United Kingdom
Sam,Bader,WC1B,7,Iowa,London,0472-0383,Lexus,ES,1,United Kingdom
Pat,Desforges,CH48,8225,Russell,Wirral,0091-3324,Jaguar,XK Series,1,United Kingdom
Ashton,Pykerman,DN36,4,Golf,West End,0363-3000,Dodge,Grand Caravan,4,United Kingdom
Aylmar,Quadling,L33,2428,Clove,Liverpool,68786-228,Land Rover,LR2,3,United Kingdom
Tallou,Tattersill,NR29,95641,Golf,Newport,53808-0731,Land Rover,Range Rover Sport,3,United Kingdom
Pamella,Fausch,L33,2,South,Liverpool,42808-200,Dodge,Neon,4,United Kingdom
Elbert,Dugget,BS41,4506,Elka,Bristol,10812-978,Ford,LTD Crown Victoria,5,United Kingdom
Bibbye,Shaddick,DL10,0225,Shopko,Whitwell,58118-5338,Lexus,RX,4,United Kingdom
Esme,Casemore,WF9,36,Straubel,Upton,53329-050,Buick,Park Avenue,3,United Kingdom
Orbadiah,Churchley,DL10,2874,Cordelia,Whitwell,36987-2796,Oldsmobile,Achieva,2,United Kingdom
Claire,Dilon,BD7,08,Union,Bradford,50419-340,Ford,Econoline E150,4,United Kingdom
Ramsay,Kahn,LS6,04505,Logan,Leeds,53808-0771,Land Rover,Range Rover,1,United Kingdom
Conchita,Menlow,S8,368,Lighthouse Bay,Norton,51345-107,Suzuki,XL-7,5,United Kingdom
Gabriela,Shapcote,NR29,947,Caliangt,Newport,0498-1070,Lotus,Elan,2,United Kingdom
Earl,O' Gara,L33,759,Bobwhite,Liverpool,0395-1667,Chrysler,Crossfire,4,United Kingdom
Korie,Toun,OX12,970,Dixon,Charlton,58668-4071,Volkswagen,Passat,3,United Kingdom
Ulric,Jackett,SY4,104,Oak Valley,Pentre,0363-0141,Lexus,IS,1,United Kingdom
Bertha,Woolager,BS14,2,2nd,Whitchurch,0472-0321,Honda,del Sol,3,United Kingdom
Sylvia,Avrahamov,PH43,3,Heffernan,Kinloch,41250-923,Mitsubishi,Mirage,2,United Kingdom
Aida,Titchmarsh,LE16,08,Ridge Oak,Middleton,45802-376,Buick,LeSabre,5,United Kingdom
Jobey,Sappell,WC2H,7779,8th,London,0378-3402,Ford,Explorer Sport,2,United Kingdom
Drusi,Terram,B40,31112,Portage,Birmingham,55315-183,Ford,Explorer,3,United Kingdom
Moishe,Smillie,CT15,90,7th,Sutton,55154-4357,Pontiac,Firebird Trans Am,5,United Kingdom
Marisa,Bransgrove,DL10,43,8th,Whitwell,60505-0187,Mitsubishi,Tredia,2,United Kingdom
Diahann,Somerton,CV35,969,Holmberg,Walton,16590-139,Audi,TT,5,United Kingdom
Alexa,Kellaway,BS41,149,Sutteridge,Bristol,0143-9951,Oldsmobile,Bravada,3,United Kingdom
Torin,Garratty,B12,11369,Towne,Birmingham,49288-0678,Ford,Escort,2,United Kingdom
Noel,Boller,AB56,2190,Texas,Milton,49288-0153,Dodge,Journey,5,United Kingdom
Antoni,Folds,M14,3714,Mifflin,Manchester,27808-001,Saturn,VUE,5,United Kingdom
Dex,Antao,B40,7850,Hintze,Birmingham,57520-0227,Isuzu,Trooper,5,United Kingdom
Arden,Bysshe,RG20,7159,Claremont,Newtown,49999-333,Pontiac,Grand Am,1,United Kingdom
Dory,Minchin,BS41,35,Rowland,Bristol,76082-210,Maserati,Spyder,2,United Kingdom
Morissa,Dalgleish,BS14,15215,Corry,Whitchurch,62756-139,Pontiac,Fiero,4,United Kingdom
Inez,Gaskill,PR1,3544,Elka,Preston,66887-001,GMC,3500,4,United Kingdom
Cecil,Creffield,NG22,3032,Harbort,Milton,0536-4089,Mercedes-Benz,M-Class,1,United Kingdom
Walden,Collingdon,N3,2,Aberg,Church End,65044-2316,Ford,F-Series Super Duty,3,United Kingdom
Niles,Laroze,M14,8771,Fisk,Manchester,69221-201,Mercury,Mountaineer,1,United Kingdom
Petunia,Popple,PH43,024,Vahlen,Kinloch,0591-2715,Infiniti,G,5,United Kingdom
Ondrea,Kernley,BD23,6,Sloan,Linton,0781-3220,Chevrolet,Traverse,2,United Kingdom
Raf,Losel,CB4,3,Portage,Church End,10191-1973,Audi,TT,1,United Kingdom
Vitoria,Keuntje,SW1E,39703,Carpenter,London,0004-0802,Subaru,Forester,3,United Kingdom
Sonia,Watkiss,PH43,559,Larry,Kinloch,58468-0020,Pontiac,GTO,2,United Kingdom
Jacquette,Rieflin,TF6,6438,Main,Aston,61919-149,Oldsmobile,Bravada,5,United Kingdom
Valle,Measor,CB4,34441,Eagle Crest,Church End,62223-001,Chrysler,Town & Country,3,United Kingdom
Chevy,Daily,L33,1,Bartillon,Liverpool,68391-416,Kia,Rio,2,United Kingdom
Candie,Paolazzi,SN1,4,Clemons,Swindon,66336-666,Suzuki,Kizashi,3,United Kingdom
Larissa,Alexandersson,SN13,636,Rieder,Ashley,49781-108,Dodge,Nitro,5,United Kingdom
Holly,Longbottom,DN36,374,Fair Oaks,West End,65862-164,Audi,A5,4,United Kingdom
Tudor,Kisbee,LS9,2,La Follette,Halton,0363-0619,Jeep,Liberty,1,United Kingdom
Morlee,Dunbobin,KW10,09728,Dapin,Kirkton,65585-512,Lexus,SC,3,United Kingdom
Lynda,Hyland,NR29,8,Mandrake,Newport,37000-329,Ford,E-Series,1,United Kingdom
Catharina,Billborough,SW19,4,Corscot,Merton,31190-500,Acura,TSX,1,United Kingdom
Pepita,Chang,S8,61,Eliot,Norton,48433-307,Kia,Amanti,5,United Kingdom
Sharity,Pedrazzi,L74,5,Vidon,Liverpool,54868-4974,Saab,9-3,4,United Kingdom
Nikolia,Darwood,LE14,96,Pawling,Twyford,10893-350,Dodge,Ram 3500,4,United Kingdom
Rowe,Miller,SW1E,619,Doe Crossing,London,58876-103,Ford,Excursion,2,United Kingdom
Gilda,Nasey,DN22,847,Sugar,Eaton,51224-203,GMC,Envoy,1,United Kingdom
Leonelle,Weale,OX7,51852,Luster,Dean,64942-1335,Dodge,Dakota Club,5,United Kingdom
Alisha,Olesen,DL10,522,North,Whitwell,14290-314,Ford,E-Series,3,United Kingdom
Karmen,Ould,NN11,63,Granby,Norton,50268-082,Subaru,SVX,3,United Kingdom
Susana,Claybourne,B40,0,Daystar,Birmingham,0904-5577,GMC,Savana 3500,5,United Kingdom
Grenville,Brummell,LE15,004,Duke,Seaton,54569-3504,Toyota,MR2,5,United Kingdom
Saunderson,Timperley,SW19,8385,Hauk,Merton,57520-0626,Subaru,Legacy,3,United Kingdom
Llewellyn,Smith,DN22,660,Leroy,Eaton,63187-104,GMC,Yukon XL 1500,2,United Kingdom
Paul,MacAvaddy,W1F,68,Cody,London,44911-0117,Mercury,Mystique,2,United Kingdom
Carney,Roskilly,NR34,245,Gulseth,Brampton,68016-137,Chevrolet,Blazer,1,United Kingdom
Elwin,Megarry,DN21,1066,Miller,Upton,64616-081,Toyota,Sienna,3,United Kingdom
Dillon,Gurrado,NR29,47459,Kenwood,Newport,55319-074,Mercedes-Benz,E-Class,3,United Kingdom
Merrie,Gethins,WC2H,8,Service,London,48951-1049,Acura,Integra,4,United Kingdom
Cammi,Featherstonhaugh,NR29,9,Cascade,Newport,52533-028,Volkswagen,Eos,3,United Kingdom
Auberon,Leddie,DN21,603,Daystar,Upton,51514-0305,Volvo,C70,4,United Kingdom
Silvie,Gawkroge,N3,69,Waubesa,Church End,55312-489,Volkswagen,GTI,2,United Kingdom
Suzi,Robjant,SW1E,67068,Toban,London,0009-3701,Ford,Probe,3,United Kingdom
Trip,Rosenshine,WF9,3538,Hanover,Upton,60512-6469,Chrysler,Pacifica,5,United Kingdom
Constance,Westnedge,LE16,8,Doe Crossing,Middleton,58930-040,Mitsubishi,Lancer Evolution,1,United Kingdom
Celie,Penwell,NR29,29586,Transport,Newport,37000-017,Ford,Freestar,2,United Kingdom
Neron,Braams,PR1,30,Colorado,Preston,98132-128,Chevrolet,Monte Carlo,2,United Kingdom
Brandyn,McGinly,DL8,31,Miller,Carlton,67938-1397,Mercedes-Benz,400SE,1,United Kingdom
Malinda,Court,NE46,43948,Macpherson,Newbiggin,68645-466,Mazda,MX-6,4,United Kingdom
Yuma,Labrenz,PH43,83681,Mayfield,Kinloch,65841-628,Toyota,Xtra,2,United Kingdom
Irma,Mellows,BS37,163,Nevada,Horton,62011-0152,Saab,9000,1,United Kingdom
Kristal,Shortland,BT66,97913,Main,Craigavon,63629-3563,Volkswagen,GLI,5,United Kingdom
Vaughan,Loughran,AB55,5759,Blackbird,Tullich,48951-1196,GMC,1500,1,United Kingdom
Danni,Slad,DT10,9214,David,Kingston,14783-266,Saab,9000,1,United Kingdom
Giovanna,O'Curneen,EH52,7559,Coleman,Burnside,63777-414,Infiniti,QX,1,United Kingdom
Derward,Pendrich,M34,63,Delaware,Denton,13533-692,Dodge,D150 Club,5,United Kingdom
Mendy,Boote,SN13,384,Westport,Ashley,68788-9678,Mazda,MPV,5,United Kingdom
Cristiano,Fredi,SY4,720,Fairfield,Pentre,63824-469,Maserati,Spyder,1,United Kingdom
Felizio,Eskrick,CT16,6,Mcbride,Buckland,49288-0073,Nissan,Altima,1,United Kingdom
Kat,Birkenshaw,BD23,24242,Buena Vista,Thorpe,49348-690,Volkswagen,Corrado,5,United Kingdom
Izzy,Vest,G4,546,Bultman,Glasgow,57896-911,Mazda,626,1,United Kingdom
Ashby,Schrei,LE14,4598,Maryland,Twyford,52544-295,Mercedes-Benz,SL-Class,3,United Kingdom
Ag,Tomlins,AB55,84,Porter,Tullich,36987-2668,Nissan,Xterra,2,United Kingdom
Emmerich,McCrann,LS9,839,Buell,Halton,62011-0170,GMC,3500,3,United Kingdom
Royce,Golthorpp,EH9,47484,Fair Oaks,Edinburgh,60429-372,Lincoln,Navigator,1,United Kingdom
Jermayne,Brager,CT15,46,Thackeray,Sutton,61995-2394,Chevrolet,1500,5,United Kingdom
Vanya,McKeurton,LE15,42517,Starling,Seaton,60630-077,Lexus,RX,1,United Kingdom
Hannah,Allender,LS9,95,Heffernan,Halton,55289-961,Volkswagen,New Beetle,4,United Kingdom
Land,Philson,G4,649,Mendota,Glasgow,51079-787,Volvo,S40,1,United Kingdom
Loraine,Bowerman,AB39,2,School,Aberdeen,16714-314,Honda,Passport,4,United Kingdom
Lucienne,Silley,GL54,281,Fulton,Ford,64578-0079,Lamborghini,Murciélago,5,United Kingdom
Gottfried,Conway,SG4,682,Loftsgordon,Langley,52544-552,Dodge,Caliber,2,United Kingdom
Malachi,Dain,LS9,9925,Banding,Halton,55056-0818,Lexus,GX,2,United Kingdom
Oneida,Kindell,WC1B,009,John Wall,London,52125-481,Mazda,Protege,4,United Kingdom
Berti,Coope,PR1,4644,Muir,Preston,0173-0675,Pontiac,Sunbird,4,United Kingdom
Anstice,Gilfoyle,BS41,12103,Bunker Hill,Bristol,51346-196,Audi,A4,5,United Kingdom
Rhea,Spadollini,SY4,8883,Barnett,Pentre,60681-1805,Chevrolet,Astro,4,United Kingdom
Ernestus,Lobbe,S8,67375,Birchwood,Norton,61065-1001,Chevrolet,1500,4,United Kingdom
Odelle,Pattingson,SN13,64,Troy,Ashley,50730-1089,Buick,Estate,5,United Kingdom
Malvin,Jenner,WC1B,9405,Sheridan,London,61509-103,Infiniti,G37,5,United Kingdom
Clea,Breitler,S1,84,Eastlawn,Sheffield,31645-171,GMC,3500 Club Coupe,2,United Kingdom
Alie,Toffel,DL10,06,Cardinal,Whitwell,65365-004,Pontiac,LeMans,3,United Kingdom
Bunny,Hardstaff,BT2,6451,Namekagon,Belfast,76314-004,Volkswagen,Passat,3,United Kingdom
Jay,Rimell,OX12,650,Spohn,Charlton,24208-353,Lexus,SC,5,United Kingdom
Carissa,Bottomley,B12,233,Lake View,Birmingham,0268-0904,Volkswagen,Eurovan,3,United Kingdom
Jacquenetta,Gutteridge,CT16,1,Fairview,Buckland,68479-300,Toyota,Sienna,1,United Kingdom
Lucila,Gorce,W1F,51488,Corry,London,0603-2116,Ford,Taurus,4,United Kingdom
Borden,Daye,G4,4,Pennsylvania,Glasgow,52815-122,Kia,Sorento,1,United Kingdom
Stuart,Stonuary,BH21,4,Buell,East End,64760-081,Audi,A8,5,United Kingdom
Bree,Oxton,LS6,98366,Mallory,Leeds,51769-134,Mitsubishi,3000GT,1,United Kingdom
Aeriela,McAless,CV35,0322,Toban,Walton,59970-073,Chrysler,Pacifica,5,United Kingdom
Chad,Fitt,BH21,59033,Vahlen,East End,49035-294,BMW,M Roadster,1,United Kingdom
Wes,Coats,LE15,75,Southridge,Seaton,55154-5097,Lamborghini,Reventón,3,United Kingdom
Maurie,Doggrell,L33,79719,Banding,Liverpool,0185-0047,Aston Martin,DB9,3,United Kingdom
Kynthia,Castaner,B12,045,Miller,Birmingham,51389-117,Ford,Crown Victoria,2,United Kingdom
Althea,Spolton,GU32,1006,Dawn,Weston,76472-1155,Chevrolet,Beretta,5,United Kingdom
Sophronia,Darwin,BH21,5,Muir,East End,0268-1306,Isuzu,Trooper,4,United Kingdom
Glennis,Fellman,NN11,2,Luster,Norton,51079-020,Honda,Prelude,4,United Kingdom
Ainsley,Lawty,S33,35,Gateway,Sheffield,60986-1021,Chrysler,Sebring,2,United Kingdom
Augustine,MacGarrity,LE15,05659,Roxbury,Seaton,23359-017,Ford,F-Series,1,United Kingdom
Marjory,McGee,LE14,13138,Magdeline,Twyford,61543-7753,Mitsubishi,Mirage,5,United Kingdom
Percy,Watkins,DL10,0598,Briar Crest,Whitwell,68788-9756,Mercedes-Benz,S-Class,3,United Kingdom
Shaun,Bramich,M14,09,Westend,Manchester,11673-113,Buick,Park Avenue,1,United Kingdom
Fredric,Medlicott,LN6,799,Moulton,Stapleford,17089-452,Honda,Civic,1,United Kingdom
Taffy,Harbertson,BS14,67,Barby,Whitchurch,23667-001,Nissan,Pathfinder,3,United Kingdom
Garfield,Lidden,SN1,7049,Almo,Swindon,0363-0518,Pontiac,Grand Prix,4,United Kingdom
Baron,Pilkington,LE16,1,Fisk,Middleton,10812-413,Geo,Metro,5,United Kingdom
Star,Copnell,SW19,33521,Burrows,Merton,65862-144,Cadillac,Escalade EXT,1,United Kingdom
Davin,Seiller,NR29,323,Loomis,Newport,37808-504,Lincoln,MKS,5,United Kingdom
Vidovik,Jost,M34,0,Bonner,Denton,48433-309,Cadillac,Escalade,1,United Kingdom
Ilka,Bruntje,PH43,94,Gateway,Kinloch,49035-017,Mercury,Tracer,3,United Kingdom
Barbaraanne,Spaldin,CT15,30,Longview,Sutton,55111-208,Mazda,626,4,United Kingdom
Mollie,Steabler,EH52,5532,Caliangt,Burnside,43611-002,Audi,A8,4,United Kingdom
Vania,Kees,PH43,78588,Knutson,Kinloch,11673-098,Hyundai,Accent,4,United Kingdom
Northrop,Twelve,AB39,083,Grayhawk,Aberdeen,43063-451,Chrysler,Town & Country,5,United Kingdom
Lulu,Skittrell,LE15,06,Ronald Regan,Seaton,76237-157,GMC,Suburban 2500,3,United Kingdom
Dorthy,Harburtson,ST20,2066,Delaware,Marston,0268-6547,Dodge,Ram 2500,4,United Kingdom
Veriee,Boarleyson,PH43,94,Southridge,Kinloch,24236-846,Nissan,Murano,2,United Kingdom
Joseito,Hanscomb,NR34,978,Nancy,Brampton,21695-083,Mitsubishi,GTO,2,United Kingdom
Darlleen,Rozenzweig,SW19,71,Coolidge,Merton,57955-0420,Suzuki,Equator,2,United Kingdom
Bonnee,Culligan,BH21,239,Charing Cross,East End,49348-970,Pontiac,G3,5,United Kingdom
Bale,Daverin,OX7,7,Grim,Dean,56062-247,GMC,Vandura 2500,5,United Kingdom
Rhianna,Jahan,G4,8,Dwight,Glasgow,10742-8457,GMC,Yukon Denali,5,United Kingdom
Pail,Hundall,WC2H,4,Summer Ridge,London,54569-1229,Volvo,XC70,4,United Kingdom
Morie,Bangle,AB39,3,Thierer,Aberdeen,50988-291,Pontiac,6000,1,United Kingdom
Cherie,Derobert,SW1E,29,Eastwood,London,52125-636,Buick,LeSabre,4,United Kingdom
Burl,Bonellie,BD7,80,Park Meadow,Bradford,51346-229,Ford,Courier,1,United Kingdom
Lila,Gorstidge,RH5,98286,School,Sutton,63868-788,Lincoln,Aviator,3,United Kingdom
Diann,Barts,EH9,87808,Ridgeway,Edinburgh,36987-3182,Chrysler,300,5,United Kingdom
Selestina,Moggach,BT2,66,Dixon,Belfast,55154-1029,Chevrolet,Camaro,1,United Kingdom
Lancelot,Klas,PR1,57,Nova,Preston,0310-0325,Mercedes-Benz,CL-Class,2,United Kingdom
Meryl,Ablott,WC1B,8892,West,London,62742-4048,Chevrolet,Corvette,2,United Kingdom
Isaiah,Anderer,BD7,8459,Bay,Bradford,55154-5706,Dodge,Grand Caravan,2,United Kingdom
Brear,Brugman,BS41,64,Delladonna,Bristol,24385-428,Studebaker,Avanti,5,United Kingdom
Lila,Lesek,EH9,9,Old Shore,Edinburgh,51060-021,Nissan,Altima,5,United Kingdom
Lind,Fanthom,NR34,354,Canary,Brampton,0135-0514,Ford,Crown Victoria,4,United Kingdom
Henka,Annott,SW19,036,Onsgard,Merton,68001-247,Subaru,Alcyone SVX,3,United Kingdom
Morganica,Muttitt,AB56,23378,Lighthouse Bay,Milton,43269-852,Dodge,Avenger,1,United Kingdom
Giraldo,Dunne,DN36,9,8th,West End,59063-127,Volkswagen,New Beetle,3,United Kingdom
Marlo,Merman,G4,5,1st,Glasgow,53746-054,Mitsubishi,Galant,1,United Kingdom
Laryssa,Guillet,NR29,457,Toban,Newport,61703-418,Nissan,Xterra,5,United Kingdom
Holt,Tremoulet,NR34,4791,Dennis,Brampton,49999-969,BMW,M5,3,United Kingdom
Margie,Vasilyevski,S1,682,Toban,Sheffield,55714-2243,Mercedes-Benz,CL-Class,3,United Kingdom
Linc,Bazoge,PR1,37,Lillian,Preston,55154-1489,Volkswagen,Corrado,2,United Kingdom
Kirby,Dyer,L74,5394,Pond,Liverpool,52125-087,Lotus,Evora,1,United Kingdom
Maxie,Lille,M14,3,Lighthouse Bay,Manchester,42549-559,Cadillac,Fleetwood,2,United Kingdom
Tabbie,Culpan,EC3M,120,Briar Crest,London,30142-884,Dodge,Dakota,3,United Kingdom
Lacy,McSparran,AB56,89,Scofield,Milton,13551-501,Ford,Excursion,4,United Kingdom
Jordain,Bolus,CH48,9714,Michigan,Wirral,37000-307,Mazda,B-Series Plus,3,United Kingdom
Clem,Serrier,DL8,9,Grover,Carlton,64406-005,Lexus,RX,5,United Kingdom
Salmon,Rowlands,BH21,80,Donald,East End,16714-336,Ford,LTD Crown Victoria,1,United Kingdom
Kath,Clappson,EC3M,944,High Crossing,London,62756-755,Lotus,Esprit,5,United Kingdom
Raimondo,Vittet,CV35,283,Troy,Hatton,64720-132,GMC,Savana,5,United Kingdom
Alisun,Krzyzaniak,LE15,91837,Jenna,Seaton,54868-5343,Honda,Pilot,4,United Kingdom
Masha,Daleman,BT66,830,Cherokee,Craigavon,33992-1310,BMW,Z3,4,United Kingdom
Jake,Rubinlicht,EC1V,920,Grayhawk,London,37808-742,Mitsubishi,Eclipse,2,United Kingdom
Gawain,Marchington,CV35,55231,Lakewood,Walton,43063-466,Mercedes-Benz,G-Class,1,United Kingdom
Mal,Chazier,AB56,42,Summit,Milton,98132-747,Lincoln,Town Car,2,United Kingdom
Michal,McCraine,BS14,7649,Talmadge,Whitchurch,52000-001,Nissan,Murano,3,United Kingdom
Alida,MacMenamie,WF9,006,Vermont,Upton,64725-3925,Mercury,Mountaineer,5,United Kingdom
Lenette,Jurries,IV1,35,Graceland,Newton,76354-015,Infiniti,QX,1,United Kingdom
Blancha,Sheryne,KW10,2257,Vahlen,Kirkton,49527-997,Audi,A4,3,United Kingdom
Jarib,Banaszkiewicz,EC1V,77288,Moose,London,0268-6108,Ford,Festiva,4,United Kingdom
Giraud,McNeice,CB4,1,Ryan,Church End,48433-322,Toyota,Tacoma Xtra,2,United Kingdom
De witt,Gosnay,BD23,96,Manitowish,Linton,54706-0001,Pontiac,Bonneville,2,United Kingdom
Osborne,Lummasana,NG34,42607,Anthes,Newton,65364-100,Lotus,Exige,1,United Kingdom
Merilyn,Maynell,BS37,4859,Carpenter,Horton,54868-3097,Chevrolet,Caprice,2,United Kingdom
Sandie,Willshaw,BS14,7907,Ryan,Whitchurch,68462-197,Ferrari,F430 Spider,3,United Kingdom
Rodolphe,Micklewright,PR1,2,Michigan,Preston,68084-125,Kia,Rio,1,United Kingdom
Nefen,De Mitris,GU32,86488,Esker,Weston,58411-167,Lincoln,Town Car,1,United Kingdom
Danice,Collick,LS9,22,Lakeland,Halton,0025-1421,Audi,Coupe Quattro,1,United Kingdom
Donnie,Symcoxe,WC1B,8528,Bobwhite,London,51079-810,Ford,EXP,1,United Kingdom
Walden,Biasi,NE46,755,Blackbird,Newbiggin,52085-002,Chevrolet,Cavalier,1,United Kingdom
Mirelle,Sheaf,LS9,699,Marquette,Halton,63739-800,Ford,F150,2,United Kingdom
Eduard,Pumfrett,DN22,2753,Katie,Eaton,10096-0191,Toyota,MR2,4,United Kingdom
Ramon,Malkie,DT10,1,Westridge,Kingston,54473-179,Suzuki,Samurai,2,United Kingdom
Glen,O' Borne,NE46,750,Meadow Valley,Newbiggin,54643-5647,Hyundai,Sonata,2,United Kingdom
Fifine,Siggin,OX12,251,Paget,Charlton,76234-001,Lexus,RX,4,United Kingdom
Max,Poskitt,LN6,16,Dawn,Stapleford,69017-204,Buick,Roadmaster,3,United Kingdom
Karel,Sharkey,NN11,39230,Dawn,Norton,68803-672,Chevrolet,Express 3500,1,United Kingdom
Jessamyn,Kippen,GU32,59288,Pleasure,Weston,0054-3188,Porsche,Boxster,1,United Kingdom
Tucker,Huzzay,BS14,6613,Corscot,Whitchurch,49349-278,Mercedes-Benz,SL-Class,1,United Kingdom
Constantia,Berryman,EC3M,3,Merchant,London,54868-0708,Chevrolet,SSR,3,United Kingdom
Elene,Rentilll,CT15,40,Onsgard,Sutton,43538-230,Dodge,Ram Van 1500,5,United Kingdom
Morgan,Cargon,L33,2,High Crossing,Liverpool,61748-301,Chevrolet,Avalanche 1500,1,United Kingdom
Jeanne,Myerscough,LS6,9057,Mallory,Leeds,53345-013,GMC,Yukon XL 1500,5,United Kingdom
Alverta,Le Surf,BD23,92,7th,Thorpe,13537-293,Audi,Q7,3,United Kingdom
Rock,Gillions,AB39,5224,Dahle,Aberdeen,11523-7360,Suzuki,Swift,4,United Kingdom
Sada,Dami,CB4,002,6th,Church End,50111-324,Suzuki,Grand Vitara,4,United Kingdom
Theodore,Escritt,LE15,06817,Victoria,Seaton,50988-233,Mitsubishi,Outlander,4,United Kingdom
Beverie,Godlonton,CT15,17,Melody,Sutton,0258-3692,BMW,7 Series,2,United Kingdom
Bruno,Rudinger,LE15,578,Cambridge,Normanton,68180-435,Ford,Expedition,3,United Kingdom
Bettina,Shellibeer,NN4,3,Warrior,Wootton,52125-401,Nissan,240SX,3,United Kingdom
Hailee,Kuhlmey,NN11,1893,Park Meadow,Norton,14783-058,Cadillac,Escalade,4,United Kingdom
Sheree,Bearman,RH5,1,Gerald,Sutton,68770-142,Buick,Rainier,1,United Kingdom
Lauralee,Luchelli,L33,098,Vera,Liverpool,16729-006,Infiniti,J,2,United Kingdom
Idalia,Dutton,EH52,6349,Mariners Cove,Burnside,54569-0332,Ford,Expedition,5,United Kingdom
Cliff,Darragh,PH43,87502,Thierer,Kinloch,66758-130,Jeep,Cherokee,1,United Kingdom
Veda,Livens,LS6,218,Fairfield,Leeds,41167-0934,Pontiac,Bonneville,2,United Kingdom
Reinaldo,Babe,CV35,30976,Mayer,Hatton,65224-700,Dodge,Ram Van 3500,5,United Kingdom
Lanny,Barthelemy,KW10,4465,Randy,Kirkton,0054-0062,Suzuki,Samurai,2,United Kingdom
Vi,Janney,BD7,0,Butterfield,Bradford,55513-222,Lamborghini,Murciélago,4,United Kingdom
Moira,Hoffner,B12,1,Coleman,Birmingham,59779-351,BMW,M3,2,United Kingdom
Jennifer,Kinze,LE15,8,Debs,Seaton,44224-0699,Infiniti,G,5,United Kingdom
Wainwright,Alfonsetti,SW1E,99666,Straubel,London,54868-2539,Dodge,Ram Van 1500,5,United Kingdom
Feodora,Castellino,LE16,58,Laurel,Middleton,49288-0283,Cadillac,Escalade ESV,4,United Kingdom
Morty,Morando,BD23,00,Division,Thorpe,76472-1134,Isuzu,Oasis,3,United Kingdom
Jolyn,Andrin,L74,98639,Shasta,Liverpool,15751-0252,Dodge,Durango,3,United Kingdom
Nikita,Arundale,LE15,790,Village Green,Normanton,0498-0015,Subaru,Leone,1,United Kingdom
Eustacia,Bontine,SN13,94928,Grasskamp,Ashley,50268-616,Nissan,Altima,4,United Kingdom
Gerri,Wake,LN6,1,Coolidge,Stapleford,67046-075,Mitsubishi,Pajero,2,United Kingdom
Odetta,Drydale,DN22,9466,Russell,Eaton,50804-480,Scion,tC,2,United Kingdom
Berta,Craighead,DL8,85905,Blackbird,Carlton,10888-5001,Toyota,Corolla,1,United Kingdom
Zacharias,Bahls,WF9,51051,Forest Dale,Upton,16110-111,Honda,Accord,1,United Kingdom
Findley,Anten,W1F,1977,Arrowood,London,0904-6201,Subaru,Brat,4,United Kingdom
Ardine,Knoles,LE16,9,Quincy,Middleton,61245-175,GMC,3500 Club Coupe,4,United Kingdom
Flo,Moyes,NG34,19569,Oxford,Newton,36800-285,Pontiac,Bonneville,3,United Kingdom
Kare,Sand,NR34,71,Brickson Park,Brampton,68472-135,Mitsubishi,Starion,3,United Kingdom
Laure,Edmands,BD7,1567,Talisman,Bradford,50486-616,Kia,Amanti,1,United Kingdom
Eden,Scopes,BT66,901,Buhler,Craigavon,68788-9907,Chevrolet,G-Series 1500,5,United Kingdom
Nils,Whalebelly,B40,45,Blackbird,Birmingham,54868-1873,Saab,9-2X,2,United Kingdom
Livvy,Castaignet,NG22,911,Debs,Milton,51346-122,Oldsmobile,88,1,United Kingdom
Jake,Klesse,CB4,1876,Westridge,Church End,0115-0533,Buick,Park Avenue,5,United Kingdom
Syman,Kerne,N3,445,Dunning,Church End,68084-074,Porsche,968,4,United Kingdom
Lane,Boyett,LE15,84652,Arizona,Normanton,0496-0892,Toyota,Celica,4,United Kingdom
Robbi,Baunton,SW19,0,Marquette,Merton,62750-003,Honda,Accord,3,United Kingdom
Mace,Ennion,AB55,377,Goodland,Tullich,65044-5220,Lamborghini,Gallardo,1,United Kingdom
Armando,Tudball,G4,9420,Southridge,Glasgow,50458-587,Pontiac,Bonneville,4,United Kingdom
Brody,Ecob,SW19,20806,Hauk,Merton,0781-3408,Volkswagen,Corrado,4,United Kingdom
Anders,Hazlehurst,LN6,12974,Stoughton,Stapleford,49035-999,Lexus,RX,3,United Kingdom
Mada,Ballantine,WC1B,8,Maple,London,64117-902,Aston Martin,Rapide,3,United Kingdom
Beaufort,Pitherick,B40,2809,Clarendon,Birmingham,24202-001,Mitsubishi,Endeavor,4,United Kingdom
Johnnie,Cliburn,W1F,65,Banding,London,0264-7636,Mitsubishi,Expo,1,United Kingdom
Ofella,Schoolfield,EH9,5,Pawling,Edinburgh,39892-0804,Toyota,Celica,5,United Kingdom
Hana,De Lorenzo,OX7,6545,Merchant,Dean,45865-364,Ferrari,F430,4,United Kingdom
Nicky,Struttman,BD23,26310,Oak Valley,Thorpe,50332-0201,Mercury,Villager,4,United Kingdom
Cletus,Djurdjevic,DT10,75,Kenwood,Kingston,33261-045,Geo,Storm,5,United Kingdom
Elmira,Toplis,CV35,79,Londonderry,Walton,41520-078,Suzuki,SJ 410,1,United Kingdom
Hamnet,Snelgrove,SY4,311,Cottonwood,Pentre,55714-4531,Acura,TSX,3,United Kingdom
Jasen,De Blase,M14,798,Arrowood,Manchester,11673-600,Bentley,Continental GTC,5,United Kingdom
Eward,Seniour,LE14,71443,Wayridge,Twyford,98132-160,Ford,Explorer,2,United Kingdom
Selle,Dutton,DL10,0,Butterfield,Whitwell,36987-2148,Isuzu,Hombre,1,United Kingdom
Rory,Allmen,L74,5,Claremont,Liverpool,52685-408,Chevrolet,Cobalt,5,United Kingdom
Letti,Bedson,S33,80369,Summerview,Sheffield,0268-6679,BMW,Z4 M Roadster,3,United Kingdom
Nataniel,Layhe,OX12,0,Boyd,Charlton,49967-502,Toyota,Venza,4,United Kingdom
Ramon,MacAllan,NE46,8,Towne,Newbiggin,58668-2741,Mazda,MX-5,5,United Kingdom
Maren,Winger,BD23,8,Arkansas,Linton,37000-144,Audi,A8,5,United Kingdom
Solomon,Cursons,M34,0,Harper,Denton,65121-623,Saturn,VUE,4,United Kingdom
Barret,Rathe,EC3M,0431,Saint Paul,London,35000-800,Honda,Civic,3,United Kingdom
Alexis,Kurth,EC3M,63,Comanche,London,98132-155,Land Rover,Discovery,4,United Kingdom
Hallsy,Kowalik,TF6,52844,Doe Crossing,Aston,53489-368,Volvo,C30,5,United Kingdom
Ira,Thrush,LE15,0629,Lien,Seaton,53808-0887,GMC,Savana 3500,4,United Kingdom
Desmond,Lobell,LE14,61,Graedel,Twyford,0942-6485,Lincoln,Town Car,3,United Kingdom
Gordan,Persence,NN4,1,Crowley,Wootton,11673-590,Chevrolet,Express 3500,3,United Kingdom
Giffard,Bouch,BD23,13058,Orin,Thorpe,60533-004,Hyundai,Sonata,2,United Kingdom
Stefa,Wike,BT66,2,Armistice,Craigavon,42023-137,Mazda,B-Series Plus,2,United Kingdom
Winfred,Pirozzi,OX7,3892,Oakridge,Dean,60760-976,Cadillac,XLR,4,United Kingdom
Debi,Sorbie,CH48,89,Crest Line,Wirral,68001-221,Toyota,Solara,4,United Kingdom
Maximilian,Lowther,SW1E,7,North,London,76187-762,Ferrari,599 GTB Fiorano,2,United Kingdom
Abigale,Mithun,NR29,1,Goodland,Newport,0904-7809,Lexus,SC,1,United Kingdom
Nicki,Quincey,RH5,696,Debs,Sutton,52755-400,Ford,Contour,3,United Kingdom
Corey,Harrow,L74,1304,Toban,Liverpool,49349-837,Maybach,57,3,United Kingdom
Kathe,Brabin,S8,1116,Sugar,Norton,60432-539,Dodge,Ram Van 2500,1,United Kingdom
Hazlett,Gayler,CH48,68296,Becker,Wirral,60512-8010,Toyota,Corolla,3,United Kingdom
Kevon,Ruberti,WC1B,511,Quincy,London,62206-4703,Maserati,Spyder,4,United Kingdom
Kylila,Ferrone,LE15,84,Jenna,Seaton,0031-8721,GMC,1500,5,United Kingdom
Tedmund,Samways,LE14,11706,Lakewood Gardens,Twyford,55758-305,Hummer,H1,5,United Kingdom
Madge,Tosspell,CV35,52674,Ruskin,Walton,36987-2550,Subaru,Legacy,1,United Kingdom
Tedmund,Brocking,WC1B,124,Dapin,London,11822-5260,Lotus,Esprit,5,United Kingdom
Corinna,McGourty,LE14,1408,Lindbergh,Twyford,55312-377,Chevrolet,Cavalier,4,United Kingdom
Berne,Spiring,NR29,26,Riverside,Newport,60760-495,Toyota,Previa,1,United Kingdom
Arabella,McCaughey,BD7,3180,Kipling,Bradford,0093-0129,Cadillac,Seville,1,United Kingdom
Kora,Eddolls,LE15,04,Hoffman,Seaton,49288-0832,Lexus,GS,4,United Kingdom
Hortensia,Pulford,SW19,5,Darwin,Merton,36987-2133,Mazda,MX-6,5,United Kingdom
Maddie,Gouly,EC1V,3516,Sherman,London,0220-1104,Nissan,Sentra,1,United Kingdom
Sadella,Jouhning,SY4,545,Stang,Pentre,0409-1631,Land Rover,Discovery,1,United Kingdom
Billy,Ducker,B40,2924,Blackbird,Birmingham,0299-3925,Pontiac,6000,4,United Kingdom
Aloise,Ivushkin,N3,9,Bayside,Church End,58118-5420,Suzuki,Esteem,2,United Kingdom
Ennis,Wabey,S8,1,Cordelia,Norton,21695-798,Aston Martin,DB9,5,United Kingdom
Zonnya,Pavel,CV35,48845,Scoville,Walton,68647-196,Isuzu,Axiom,1,United Kingdom
Lauri,Dunn,NR34,6736,Hauk,Brampton,49825-114,Jeep,Wrangler,2,United Kingdom
Ethelin,Edy,LN6,3,Dexter,Stapleford,12488-0100,BMW,5 Series,1,United Kingdom
Bail,Mengo,WC2H,470,Mayer,London,47335-289,Mercury,Tracer,1,United Kingdom
Auguste,Hazle,CH48,609,American Ash,Wirral,35356-997,Mazda,Mazda6,3,United Kingdom
Dilan,Church,BS41,35,Mockingbird,Bristol,49884-822,Nissan,Pathfinder,3,United Kingdom
Fernande,Tiesman,DT10,5962,Petterle,Kingston,49999-120,Honda,Civic,3,United Kingdom
Hillary,Mabbe,S8,00,Mockingbird,Norton,68788-9076,Chevrolet,Malibu,3,United Kingdom
Sheela,Benam,PR1,1743,Hanson,Preston,68180-566,Cadillac,STS,3,United Kingdom
Lolita,Blakeney,BD23,140,Schurz,Linton,0023-8335,Buick,Park Avenue,5,United Kingdom
Ninnetta,Mapples,BS14,7,Fremont,Whitchurch,0603-2548,Ford,LTD Crown Victoria,1,United Kingdom
Dodie,Wayon,N3,150,Fuller,Church End,42291-110,Chrysler,300M,5,United Kingdom
Syman,Danielot,DN36,7,Derek,West End,36987-2364,GMC,Safari,3,United Kingdom
Ilysa,Bernardet,WF9,80333,Sachs,Upton,65862-470,Volvo,S40,2,United Kingdom
Rodolphe,Pogson,EH9,8572,Superior,Edinburgh,10596-159,Chevrolet,Express 3500,1,United Kingdom
Mike,Coghlan,NG22,2416,Dixon,Milton,0615-2557,Subaru,Forester,5,United Kingdom
Isabelle,McQueen,BH21,9014,Hoffman,East End,59762-5030,GMC,Rally Wagon 3500,1,United Kingdom
Annice,Mullenger,OX12,1555,Haas,Charlton,14961-001,Volvo,V70,4,United Kingdom
Herschel,Hartington,BH21,66865,Bultman,East End,76000-460,Ferrari,F430,5,United Kingdom
Hallsy,Tugman,RH5,69459,Swallow,Sutton,43269-662,Jeep,Patriot,2,United Kingdom
Warden,Jowling,NR29,9692,Cody,Newport,21695-693,Nissan,Titan,1,United Kingdom
Giuditta,Gerrell,DL8,61669,Reinke,Carlton,54799-505,Oldsmobile,Alero,5,United Kingdom
Briny,Seleway,PR1,34,Melvin,Preston,12634-691,Dodge,Stealth,2,United Kingdom
Maryjo,Riddlesden,WC2H,5,Tony,London,63629-3344,Hummer,H1,5,United Kingdom
Bron,Bradlaugh,LN6,44819,Amoth,Stapleford,68016-081,Ford,Mustang,5,United Kingdom
Dannel,Grisenthwaite,BD23,83029,Longview,Thorpe,59779-254,Subaru,XT,5,United Kingdom
Cora,Lewton,S1,50,Roth,Sheffield,42254-171,Dodge,Avenger,4,United Kingdom
Guglielma,Vanichkov,GU32,87866,Summerview,Weston,49349-164,Audi,RS 4,2,United Kingdom
Trevor,Issit,BD23,3893,Dayton,Linton,13537-208,Chevrolet,Cavalier,5,United Kingdom
Manfred,Liffey,LE16,3226,Wayridge,Middleton,29860-217,Land Rover,Discovery,1,United Kingdom
Minor,Matuszak,RH5,93,Ridgeview,Sutton,49527-800,Chrysler,Town & Country,5,United Kingdom
Lefty,Cordeux,TF6,4,Lillian,Aston,68151-5048,Dodge,Charger,1,United Kingdom
Devin,Levett,EH9,25988,Holmberg,Edinburgh,0065-1433,Mitsubishi,Galant,5,United Kingdom
Jessamyn,McGeneay,NG34,427,Clyde Gallagher,Newton,68745-2002,Infiniti,G,1,United Kingdom
Papagena,McCrorie,EC3M,24,Karstens,London,36987-2403,Bentley,Continental Flying Spur,1,United Kingdom
Blinnie,Ronca,LE14,128,Bashford,Twyford,43742-0072,Subaru,Impreza,4,United Kingdom
Kirby,Polotti,BT2,7057,Hayes,Belfast,59630-112,Mercury,Milan,2,United Kingdom
Minette,Doughty,LN6,54,Birchwood,Stapleford,21695-461,Chevrolet,Caprice Classic,3,United Kingdom
Caryl,Nana,LE16,4247,Bellgrove,Middleton,0268-0929,Dodge,Viper,5,United Kingdom
Harbert,Bordone,DT10,77040,Mallard,Kingston,52125-640,Chevrolet,Express,5,United Kingdom
Doro,Menier,CB4,01691,Oriole,Church End,51346-049,GMC,2500 Club Coupe,1,United Kingdom
Reese,O'Sirin,WC2H,01,Fallview,London,52125-559,Isuzu,Amigo,2,United Kingdom
Joshuah,Simcoe,CB4,0,Pennsylvania,Church End,57664-162,Volkswagen,Routan,3,United Kingdom
Dmitri,Hardwell,SY4,80212,Pierstorff,Pentre,55154-3226,Subaru,Legacy,1,United Kingdom
Zacharie,Biddy,LN6,150,Continental,Stapleford,0185-0277,Ford,LTD Crown Victoria,1,United Kingdom
Michel,Waitland,BT2,179,Duke,Belfast,49738-184,Ford,Crown Victoria,4,United Kingdom
Zacharias,Tesmond,BS41,36642,Dottie,Bristol,54868-4698,Oldsmobile,Aurora,1,United Kingdom
Veda,Osman,BT2,6155,Merchant,Belfast,54157-103,Acura,Integra,2,United Kingdom
Fulvia,Jobes,G4,72,Merry,Glasgow,58411-213,Volkswagen,GTI,5,United Kingdom
Koralle,Fessby,GU32,905,Golf,Weston,54868-4567,Ford,Mustang,3,United Kingdom
Carrol,Frank,M14,71,Linden,Manchester,36987-2566,Infiniti,G,2,United Kingdom
Dukey,Bottrill,TF6,612,Gerald,Aston,52125-951,Mercedes-Benz,R-Class,2,United Kingdom
Andreas,Saleway,CH48,08,Badeau,Wirral,62756-538,Mercedes-Benz,E-Class,2,United Kingdom
Germain,Thoresby,BS37,6051,Shopko,Horton,54569-6336,Oldsmobile,Silhouette,4,United Kingdom
Franzen,Piechnik,DN36,6277,Declaration,West End,51346-243,Dodge,Caravan,2,United Kingdom
Caryl,Courvert,G4,98,Barnett,Glasgow,59779-936,Oldsmobile,88,5,United Kingdom
Tansy,Rappoport,NN11,45697,Corscot,Norton,55154-5496,Ford,F-Series Super Duty,4,United Kingdom
Cairistiona,McReynolds,OX12,515,Oakridge,Charlton,0173-0790,Ford,EXP,3,United Kingdom
Dall,Di Pietro,NG34,39149,Gateway,Newton,52664-007,Pontiac,Sunfire,1,United Kingdom
Deny,Withnall,ST20,347,Glendale,Marston,55312-947,Ford,LTD,5,United Kingdom
Moise,Portlock,BD7,094,Kennedy,Bradford,42002-419,Kia,Rio,5,United Kingdom
Faulkner,Carluccio,DT10,54463,Eliot,Kingston,50436-6617,Toyota,Tercel,3,United Kingdom
Marybelle,Spinige,WC1B,72082,Duke,London,66184-436,Buick,Riviera,1,United Kingdom
Trude,Folland,AB56,5501,North,Milton,67938-2007,Buick,Regal,2,United Kingdom
Vera,Moscrop,PH43,968,Nobel,Kinloch,35356-672,Toyota,Solara,5,United Kingdom
Stesha,Sprowell,CT16,02916,School,Buckland,0025-1411,BMW,Z8,3,United Kingdom
Hewet,Tomini,W1F,445,Bultman,London,10578-053,Chevrolet,Malibu,1,United Kingdom
Rowan,Male,BH21,94044,Morrow,East End,55154-4876,Hyundai,Santa Fe,3,United Kingdom
Minne,Purcer,M14,5864,Crescent Oaks,Manchester,0310-0271,Chevrolet,G-Series 1500,5,United Kingdom
Cally,Zorzenoni,CV35,74251,Hintze,Hatton,0998-0223,Chevrolet,Sportvan G20,4,United Kingdom
Andrus,Castangia,NE46,48,Fairview,Newbiggin,41520-909,Chevrolet,Silverado 1500,3,United Kingdom
Annmaria,Du Hamel,L74,0,Eastlawn,Liverpool,64380-749,Lexus,RX,3,United Kingdom
Lodovico,Marzello,BH21,744,Brentwood,East End,54868-4135,Pontiac,Bonneville,4,United Kingdom
Alessandro,Itzkovwich,NN4,41417,Orin,Wootton,50260-500,GMC,Savana 1500,3,United Kingdom
Dewain,Dory,BT66,9,Jana,Craigavon,13734-034,Plymouth,Voyager,1,United Kingdom
Tobe,Zmitrovich,DN22,4753,3rd,Eaton,37000-761,Oldsmobile,Intrigue,1,United Kingdom
Marianna,Geldeard,BS14,57706,Boyd,Whitchurch,0006-0577,Mitsubishi,Eclipse,5,United Kingdom
Winifred,Rochford,DT10,47514,Surrey,Kingston,37808-390,Ford,Windstar,1,United Kingdom
Hershel,Hurd,SW19,9710,Hazelcrest,Merton,16590-027,Buick,Electra,1,United Kingdom
Ulrica,Merit,LS9,0,Kinsman,Halton,61852-046,Chrysler,Concorde,3,United Kingdom
Jobina,Favill,G4,49162,Stang,Glasgow,76519-1017,Mercury,Topaz,4,United Kingdom
Tabby,Bradly,L74,12901,Logan,Liverpool,52471-101,Pontiac,GTO,4,United Kingdom
Dareen,Keijser,CH48,90,Pleasure,Wirral,10477-7603,Hyundai,Tiburon,4,United Kingdom
Leticia,Coleford,LE14,9,Sunbrook,Twyford,0409-0106,Mitsubishi,Montero Sport,4,United Kingdom
Batholomew,Buckenhill,WC2H,279,Fremont,London,64380-737,Toyota,Prius c,2,United Kingdom
Delia,Mancell,PR1,8,Oriole,Preston,65585-376,Mercedes-Benz,300SE,3,United Kingdom
Polly,Raccio,WF9,1693,Sachtjen,Upton,0220-9062,Porsche,Cayenne,4,United Kingdom
Joelynn,Wherrett,S33,76270,Northwestern,Sheffield,25000-132,Acura,RDX,4,United Kingdom
Dan,Livzey,DN36,7403,Maple,West End,68472-111,Subaru,XT,3,United Kingdom
Estelle,Cramer,PH43,86,Oak,Kinloch,41250-423,Saturn,VUE,2,United Kingdom
Zollie,Dobel,CT15,320,Morningstar,Sutton,0597-0040,Ford,Mustang,4,United Kingdom
Olivier,Elgee,NE46,9,Dakota,Newbiggin,51079-487,Chrysler,Concorde,3,United Kingdom
Edik,Mitten,BT66,279,Hagan,Craigavon,67544-204,Ford,Excursion,1,United Kingdom
Irv,Beeke,NG22,6089,Village,Milton,65841-747,Dodge,Dakota Club,5,United Kingdom
Kelley,Hurdle,BT66,36245,Washington,Craigavon,55910-703,Saturn,S-Series,2,United Kingdom
Abigael,Gartery,SN13,10,Saint Paul,Ashley,13537-289,Oldsmobile,LSS,3,United Kingdom
Kelwin,McGuiney,SN1,17673,Hallows,Swindon,49884-985,Suzuki,SJ,3,United Kingdom
Merla,Bryson,S8,414,Bartelt,Norton,24488-036,Mitsubishi,Truck,5,United Kingdom
Etienne,Hollebon,BS14,78,Becker,Whitchurch,11410-611,Ford,Explorer,5,United Kingdom
Fern,Handmore,IV1,75966,Hansons,Newton,53808-0807,Geo,Storm,3,United Kingdom
Didi,Fassman,L74,2899,Fuller,Liverpool,50436-3330,Buick,Regal,3,United Kingdom
Jewelle,Talman,NR34,994,Fallview,Brampton,49349-043,Hyundai,Tucson,4,United Kingdom
Alisa,Mayling,NR29,4,Debs,Newport,0132-0106,Aston Martin,Rapide,2,United Kingdom
Ruby,Quilleash,CT15,9,Crowley,Sutton,55670-478,Mercury,Cougar,1,United Kingdom
Mikel,Gianneschi,CT15,078,Oneill,Sutton,54575-954,Daewoo,Lanos,5,United Kingdom
Cody,Slaughter,KW10,48757,Lighthouse Bay,Kirkton,51442-547,Chevrolet,Camaro,5,United Kingdom
Davie,Pleass,LE15,2372,Eastwood,Normanton,63629-2548,GMC,Sierra 2500,1,United Kingdom
Lanny,Polhill,SW19,22,Logan,Merton,68428-073,Suzuki,XL-7,1,United Kingdom
Tobie,Wadhams,LE15,68,Waywood,Normanton,65588-2210,Mercedes-Benz,SL-Class,5,United Kingdom
Tilly,Lynskey,LE14,686,Fairfield,Twyford,59535-5011,Cadillac,Sixty Special,1,United Kingdom
Aguistin,Purbrick,SN1,599,American,Swindon,0378-2025,Mazda,Navajo,3,United Kingdom
Rena,Syrett,S1,4,Claremont,Sheffield,52815-122,Mercury,Cougar,1,United Kingdom
Dalenna,Donnellan,BD7,977,Harper,Bradford,43479-107,Chrysler,Cirrus,1,United Kingdom
Elberta,Salisbury,PR1,93,Anthes,Preston,35356-728,Audi,Coupe GT,5,United Kingdom
Clarette,Bezant,LE16,451,Johnson,Middleton,54473-250,Lexus,RX,2,United Kingdom
Olvan,Tyndall,B12,0126,Northridge,Birmingham,43353-637,Kia,Carens,2,United Kingdom
Salomi,Shawl,DN21,66,Veith,Upton,36000-176,Ford,F350,1,United Kingdom
Freda,Wisker,BS41,7,Schlimgen,Bristol,22700-129,Mitsubishi,Galant,4,United Kingdom
Cornelius,Eamer,NG34,04,6th,Newton,63736-622,BMW,745,3,United Kingdom
Bank,Collister,W1F,40,Del Mar,London,62206-4750,Lexus,GS,4,United Kingdom
Lissi,Suddaby,SN1,062,Jana,Swindon,54973-3109,Ford,Crown Victoria,1,United Kingdom
Gage,Kyncl,BS41,21,Utah,Bristol,0268-6636,Mazda,MPV,3,United Kingdom
Obadias,Farryann,W1F,720,Jenna,London,36987-2216,BMW,X5,4,United Kingdom
Karna,Garmanson,AB56,4,Drewry,Milton,55154-4651,Chrysler,Crossfire Roadster,1,United Kingdom
Cameron,Seefus,CV35,192,Cascade,Hatton,64092-845,Cadillac,Eldorado,4,United Kingdom
Carmelita,Loyley,BD23,199,Forster,Linton,0268-6612,Volvo,V70,3,United Kingdom
Buck,Sexty,G4,24,Lerdahl,Glasgow,0904-6129,Ford,E350,1,United Kingdom
Zollie,Brunton,B40,89,Gulseth,Birmingham,0074-4314,Porsche,911,1,United Kingdom
Andee,Huntly,DL8,4761,Ruskin,Carlton,53808-1050,Suzuki,Swift,1,United Kingdom
Aldis,Leacy,GU32,99,Utah,Weston,54868-0387,Mercury,Sable,5,United Kingdom
Katey,Coneau,GL54,401,Dunning,Ford,33342-075,Ford,Escort,3,United Kingdom
Myrlene,Rehm,ST20,62,Drewry,Marston,54868-4807,Eagle,Vision,3,United Kingdom
Tamara,Cartlidge,PH43,7542,Grasskamp,Kinloch,66579-0090,BMW,Z4 M,2,United Kingdom
Tudor,Ledram,CT16,4275,Petterle,Buckland,59779-440,Lexus,ES,2,United Kingdom
Biron,Orleton,BH21,0357,Hayes,East End,47781-729,Jeep,Commander,3,United Kingdom
Burnaby,Peplay,NG34,9000,Myrtle,Newton,33261-554,Jaguar,XJ Series,4,United Kingdom
Marjory,Cunrado,S1,975,David,Sheffield,52584-177,Morgan,Aero 8,3,United Kingdom
Sascha,Monahan,EH9,78586,Lunder,Edinburgh,68828-082,Lexus,LX,1,United Kingdom
Thomasine,Alexsandrov,GU32,16620,Surrey,Weston,0078-0439,Nissan,Maxima,4,United Kingdom
Vernon,Schaumann,BD23,580,Buhler,Thorpe,40042-047,Dodge,Ram 3500,3,United Kingdom
Yank,Medway,B12,95,Brown,Birmingham,59900-120,Hummer,H3,5,United Kingdom
Sansone,Starzaker,BT66,872,Buell,Craigavon,11822-0300,Subaru,Impreza,1,United Kingdom
Sharon,Otson,PR1,88952,Lotheville,Preston,59310-204,Suzuki,SJ,2,United Kingdom
Collin,Petty,NR34,5718,Talisman,Brampton,0245-0087,Mercedes-Benz,CLK-Class,3,United Kingdom
Michele,Bleyman,KW10,9517,Springs,Kirkton,0363-8202,Mitsubishi,Endeavor,4,United Kingdom
Winfred,Cornes,LS9,4398,Moose,Halton,60429-297,Plymouth,Grand Voyager,1,United Kingdom
Padriac,Ketteridge,BD23,43934,Sloan,Linton,0078-0620,Mazda,Miata MX-5,5,United Kingdom
Madelaine,Meugens,BD23,4,Anhalt,Thorpe,0362-9010,Infiniti,G35,3,United Kingdom
Evelyn,Jantet,LE15,958,Carey,Normanton,57691-112,Chevrolet,Express,3,United Kingdom
Donalt,Pendlebury,S8,4895,Grover,Norton,0363-0490,Dodge,Caravan,3,United Kingdom
Hyacinthie,Leader,NR29,4,Southridge,Newport,0245-0181,Volvo,V70,3,United Kingdom
Ruby,Jillins,RG20,3,Lukken,Newtown,37000-337,Ford,Tempo,2,United Kingdom
Shirlee,Ketts,TF6,66,Raven,Aston,68669-711,Honda,Civic,5,United Kingdom
Evanne,Runsey,WC1B,0,Springview,London,58160-825,Toyota,T100 Xtra,5,United Kingdom
Gal,Kohrs,DL10,75545,Cardinal,Whitwell,48951-6033,Kia,Sorento,5,United Kingdom
Jemimah,Kensett,LE15,249,Sugar,Seaton,50419-254,Nissan,Murano,2,United Kingdom
Dulcie,McGauhy,SN1,991,Dawn,Swindon,0573-2841,Chevrolet,Suburban 2500,2,United Kingdom
Cathrin,Livens,M34,45468,Farwell,Denton,60681-6100,Ford,GT500,2,United Kingdom
Yardley,Dunkirk,LN6,2444,Ryan,Stapleford,50419-825,Hyundai,Accent,3,United Kingdom
Hester,Karppi,NR34,2780,Utah,Brampton,0268-1399,Chevrolet,S10 Blazer,4,United Kingdom
Ardeen,Figgs,EC1V,319,Debs,London,49781-026,Kia,Rio,5,United Kingdom
Shadow,Borland,N3,06,North,Church End,10237-906,Buick,Park Avenue,5,United Kingdom
Thurstan,Delgardo,BD23,656,Stang,Thorpe,45861-108,Ford,Courier,3,United Kingdom
Shelley,Impey,SY4,6304,Park Meadow,Pentre,63941-441,Lincoln,Navigator,1,United Kingdom
Willard,Elms,CB4,4,Hazelcrest,Church End,51346-101,Volkswagen,Jetta,4,United Kingdom
Urbanus,Pendrick,CT16,873,Mesta,Buckland,50519-773,Pontiac,Sunbird,3,United Kingdom
Kelsey,Ostler,BD7,20,Lawn,Bradford,49726-003,Toyota,Celica,4,United Kingdom
Alfi,O'Brollachain,EC3M,32645,Coolidge,London,13811-674,Pontiac,Tempest,4,United Kingdom
Ethelyn,Phython,BH21,70,Florence,East End,30142-153,Lexus,RX Hybrid,5,United Kingdom
Rosy,Verryan,DL8,4559,Bellgrove,Carlton,62296-0032,Mitsubishi,Montero,4,United Kingdom
Wini,Bertrand,BD23,4031,Basil,Linton,67772-015,Ford,Expedition EL,4,United Kingdom
Gabriello,Weaben,ST20,9,Straubel,Marston,63868-279,GMC,1500,4,United Kingdom
Angelique,O'Dooghaine,AB55,11495,Dexter,Tullich,49527-953,Volkswagen,Golf,3,United Kingdom
Marion,Coopland,LN6,38,Bartillon,Stapleford,44206-455,GMC,Yukon XL 2500,3,United Kingdom
Inger,Letessier,LS9,0021,Stuart,Halton,65841-068,Infiniti,Q,4,United Kingdom
Ritchie,Donovin,NE46,533,Wayridge,Newbiggin,16590-853,Nissan,Armada,5,United Kingdom
Fara,Passy,CH48,61,Boyd,Wirral,49288-0141,Cadillac,Escalade,3,United Kingdom
Jazmin,Mordaunt,TF6,5627,Declaration,Aston,48951-1008,Volvo,XC70,5,United Kingdom
Bettine,Seignior,SN1,61470,Burning Wood,Swindon,60760-429,Ford,F150,4,United Kingdom
Filippo,Mitrovic,NG34,9,Dahle,Newton,0955-1035,Volvo,S80,5,United Kingdom
Terrill,Adiscot,NG34,540,Northwestern,Newton,57955-0064,Land Rover,Discovery,1,United Kingdom
Herman,Dungey,SW1E,8057,Paget,London,37808-532,Infiniti,G37,3,United Kingdom
Lesya,Kunze,S8,8270,Coleman,Norton,53499-1272,Nissan,Pathfinder,1,United Kingdom
Orelle,Woodus,OX7,28195,Sachtjen,Dean,43269-870,Mercedes-Benz,SLK-Class,4,United Kingdom
Claudian,Venable,NR34,67,Lighthouse Bay,Brampton,68645-163,GMC,Rally Wagon G3500,1,United Kingdom
Janene,Innocent,WC1B,9189,Hayes,London,61786-037,Dodge,Viper,5,United Kingdom
Cybil,Ounsworth,SN1,00,Macpherson,Swindon,42808-111,Lincoln,Continental,1,United Kingdom
Willi,Dugan,WC2H,4,Sugar,London,54505-101,Chevrolet,Cobalt,2,United Kingdom
Roxanne,Lacroux,L33,78,Warner,Liverpool,57910-401,GMC,Rally Wagon 3500,2,United Kingdom
Mordecai,Danielkiewicz,BT66,189,Roxbury,Craigavon,43269-748,Mercury,Sable,2,United Kingdom
Doe,Obispo,WC2H,2,Waywood,London,54295-302,Ford,Aerostar,3,United Kingdom
Kip,Assad,SG4,614,Sunnyside,Langley,55910-688,Mercedes-Benz,R-Class,5,United Kingdom
Klement,Adrianello,AB55,75,Fairfield,Tullich,62296-0051,Pontiac,Grand Prix,2,United Kingdom
Cordey,Matusovsky,B40,9149,Homewood,Birmingham,43547-250,Ford,Excursion,1,United Kingdom
Violante,Shovell,RH5,6,Linden,Sutton,46708-034,GMC,Sierra 3500,3,United Kingdom
Maryellen,Timmermann,BT66,306,Harper,Craigavon,51523-015,Chevrolet,Astro,4,United Kingdom
Graig,Duran,BH21,1598,Dorton,East End,43742-0453,Toyota,Corolla,1,United Kingdom
Duffie,Sheen,AB39,73981,Iowa,Aberdeen,52125-601,Dodge,Ram,5,United Kingdom
Marianna,Hunday,CH48,6386,Clyde Gallagher,Wirral,25021-806,Pontiac,Montana,3,United Kingdom
Maggie,Judgkins,NN4,4,Alpine,Wootton,0093-4237,Pontiac,Firebird Formula,4,United Kingdom
Gerek,Whale,BS14,02,Prairieview,Whitchurch,54868-6074,Ford,Escort,3,United Kingdom
Drud,Speers,RG20,87968,Gina,Newtown,76237-198,Mercury,Villager,5,United Kingdom
Margarita,Rodge,LE15,0582,8th,Seaton,63323-342,Ford,Focus,3,United Kingdom
Tadio,Vescovo,B12,217,Sutherland,Birmingham,55154-7475,Porsche,Boxster,1,United Kingdom
Augusto,Thinn,OX12,5,Westerfield,Charlton,10812-428,Audi,A3,1,United Kingdom
Rob,Cauthra,BD23,444,Westerfield,Linton,35356-711,Mercedes-Benz,G-Class,4,United Kingdom
Noelle,Entwhistle,N3,9170,Hanover,Church End,0603-1508,Pontiac,Sunbird,5,United Kingdom
Leisha,Merill,BT2,93708,Sage,Belfast,61786-000,Nissan,Frontier,4,United Kingdom
Benni,Anan,M14,61907,Manufacturers,Manchester,49349-339,Subaru,Baja,1,United Kingdom
Myranda,Cufley,AB39,5,Lillian,Aberdeen,42571-105,Chevrolet,Corvette,5,United Kingdom
Brice,O'Brogan,LE16,6,Spohn,Middleton,43419-713,Geo,Storm,4,United Kingdom
Sargent,Langfat,ST20,532,Sutherland,Marston,37000-306,Cadillac,Escalade,1,United Kingdom
Dasi,Tweedell,WF9,7100,Truax,Upton,18860-752,Mazda,MX-5,5,United Kingdom
Sebastien,McBryde,RH5,43,Grasskamp,Sutton,68084-822,Scion,xB,5,United Kingdom
Marilyn,Cardwell,IV1,7,Annamark,Newton,0228-2269,Volkswagen,Golf,4,United Kingdom
Natala,Bolding,DN22,27061,Esch,Eaton,50436-3502,Lincoln,Mark LT,2,United Kingdom
Rab,Cuel,SN13,0,Green,Ashley,43063-235,Scion,xB,3,United Kingdom
Aubrey,Pheazey,N3,12807,Tennessee,Church End,54868-2198,Mitsubishi,Outlander,1,United Kingdom
Gwenora,Velti,LE15,31898,Schmedeman,Seaton,0456-1550,BMW,3 Series,1,United Kingdom
Heddi,Crumly,LE15,877,Springview,Seaton,36987-2527,Honda,Odyssey,3,United Kingdom
Heidie,Pache,EH9,37,Clemons,Edinburgh,0781-3052,MINI,Cooper,5,United Kingdom
Haroun,Irnys,BS37,85497,Bonner,Horton,55154-5436,Ford,EXP,4,United Kingdom
Ina,Balcon,M14,09005,Kennedy,Manchester,0781-5348,Ford,Expedition EL,1,United Kingdom
Barbey,Doddemeade,W1F,70,Lien,London,63824-214,Porsche,Cayman,1,United Kingdom
Garvey,Morin,NG34,15,Derek,Newton,60429-287,Saab,9-3,5,United Kingdom
Bea,Tibald,BD23,94,Pankratz,Thorpe,43419-503,Toyota,Prius,3,United Kingdom
Caleb,Yerill,CV35,52,Donald,Walton,55111-254,Mercedes-Benz,CL-Class,3,United Kingdom
Allie,Volker,DN21,60092,Artisan,Upton,54868-4177,Volkswagen,Scirocco,1,United Kingdom
Freemon,Dockrey,CV35,031,New Castle,Hatton,54569-4210,Lexus,LS,3,United Kingdom
Bobbie,Elster,BS37,7,Golden Leaf,Horton,54868-1070,Chevrolet,Suburban 1500,2,United Kingdom
Germain,Blackwood,CV35,673,High Crossing,Hatton,10812-341,Lincoln,Mark LT,2,United Kingdom
Delora,Angove,ST20,10,Morrow,Marston,39822-0171,Chevrolet,Avalanche,5,United Kingdom
Peggy,Woolford,SN13,8739,Division,Ashley,11822-0493,Ford,Econoline E250,5,United Kingdom
Randie,Cameli,DT10,88,Golf,Kingston,66116-391,Dodge,Ram 3500,5,United Kingdom
Frank,Gerrad,NR34,794,Randy,Brampton,60764-003,Chevrolet,Corsica,3,United Kingdom
Domenico,MacCaffrey,WF9,7,Stoughton,Upton,43386-670,Chevrolet,Colorado,3,United Kingdom
Vale,Tyre,S1,785,Hanover,Sheffield,49035-177,Ford,F150,5,United Kingdom
Graham,Brolly,BD7,466,Harbort,Bradford,68828-119,Jaguar,XK Series,4,United Kingdom
Derk,Wanderschek,B40,41,Pepper Wood,Birmingham,58633-223,Chevrolet,Corvette,5,United Kingdom
Simona,Shackell,WC1B,9,Dryden,London,68428-059,Plymouth,Sundance,1,United Kingdom
Christie,Gammie,G4,3745,Twin Pines,Glasgow,39822-2010,Pontiac,Bonneville,5,United Kingdom
Carissa,Kobisch,ST20,25,Forest Run,Marston,52533-006,Toyota,Highlander,4,United Kingdom
Filmer,Fumagall,RG20,86784,Brentwood,Newtown,36800-030,Pontiac,Montana,5,United Kingdom
Isa,Myerscough,NR34,60673,Memorial,Brampton,62750-006,Mercury,Mountaineer,3,United Kingdom
Raimondo,Longworthy,LN6,17,Basil,Stapleford,44911-0099,Hyundai,Sonata,4,United Kingdom
Rabbi,Fullom,CT16,1,Pine View,Buckland,48951-8161,Land Rover,Discovery,1,United Kingdom
Tammy,Adamovitch,DT10,8,Grim,Kingston,12090-0032,Mazda,626,2,United Kingdom
Gloriana,Pawnsford,AB56,8,Emmet,Milton,11673-083,Ford,F350,2,United Kingdom
Manuel,Ackland,BH21,18,Florence,East End,10237-901,Oldsmobile,Cutlass,3,United Kingdom
Rona,Amsberger,CT16,2,Sunfield,Buckland,49738-809,Dodge,Ram Van 3500,2,United Kingdom
Kettie,Shephard,AB55,534,Melby,Tullich,68026-521,Mazda,Miata MX-5,2,United Kingdom
Imelda,Eunson,CV35,892,Gulseth,Hatton,11523-7354,Mitsubishi,Tredia,1,United Kingdom
Jake,Gadault,BS37,81711,Waxwing,Horton,0615-4506,Ford,F250,3,United Kingdom
Ursula,Kepling,NG34,43,Donald,Newton,49288-0071,Ford,Econoline E150,5,United Kingdom
Florella,Bernhardsson,BH21,748,Iowa,East End,63629-3043,Scion,xB,4,United Kingdom
Zulema,Emmins,IV1,7,Mosinee,Newton,45802-918,Chevrolet,Venture,5,United Kingdom
Abby,Jorgesen,AB56,8,Spenser,Milton,51346-163,GMC,Yukon,4,United Kingdom
Arnoldo,Stockney,B12,6,Ridgeview,Birmingham,10337-359,Chrysler,PT Cruiser,5,United Kingdom
Rosemary,Rosander,W1F,001,Menomonie,London,54473-248,Pontiac,Firebird,2,United Kingdom
Kiele,Burner,GU32,48,Birchwood,Weston,16590-006,Oldsmobile,Cutlass Cruiser,3,United Kingdom
Montague,Gladdolph,LN6,724,Morrow,Stapleford,53389-100,Porsche,911,4,United Kingdom
Mariquilla,Ship,DN22,3834,6th,Eaton,55910-143,Pontiac,GTO,3,United Kingdom
Ulrika,Purdy,GL54,95449,Superior,Ford,67692-149,GMC,2500 Club Coupe,2,United Kingdom
Chrotoem,Langforth,CT16,9,Elmside,Buckland,68639-0001,Volkswagen,Golf,3,United Kingdom
Theo,Falloon,BT2,8,Fieldstone,Belfast,62372-743,Scion,xB,3,United Kingdom
Willa,Guion,M34,230,Prentice,Denton,16729-123,GMC,Yukon,3,United Kingdom
Gardner,Odby,L74,37,Badeau,Liverpool,54340-233,Honda,Passport,1,United Kingdom
Ahmad,Davidow,ST20,378,Reinke,Marston,0591-5621,Chevrolet,SSR,2,United Kingdom
Lemmy,Alfonzo,OX7,6,Banding,Dean,65044-6589,Ford,F150,5,United Kingdom
Faunie,Ambrogioli,G4,1,Scoville,Glasgow,41163-163,Suzuki,Grand Vitara,2,United Kingdom
Heall,Jennaroy,TF6,96177,Rieder,Aston,61957-1812,Lincoln,MKX,5,United Kingdom
Krishna,Malecky,BS41,2,Sommers,Bristol,65862-604,Ford,Lightning,5,United Kingdom
Galen,Lampett,SW19,77090,Anzinger,Merton,61328-001,Cadillac,Allante,3,United Kingdom
Juieta,Whylie,NG22,2817,Corscot,Milton,0115-5445,Ford,E250,4,United Kingdom
Terra,Smyth,TF6,46,Monica,Aston,41163-516,Ford,Econoline E150,5,United Kingdom
Roch,Raggett,N3,4937,Evergreen,Church End,68047-149,Buick,Century,4,United Kingdom
Dyanne,Mordecai,M34,9322,Mockingbird,Denton,55154-9667,Oldsmobile,Bravada,4,United Kingdom
Therese,Ullett,LE15,04,Dunning,Normanton,41520-960,Porsche,Boxster,1,United Kingdom
Hercule,Barns,EH52,6586,Milwaukee,Burnside,59427-702,Chevrolet,Silverado 3500,4,United Kingdom
Constantin,Delacour,EH9,3253,Brickson Park,Edinburgh,68391-117,Chevrolet,Sportvan G20,5,United Kingdom
Ashley,Mallard,GL54,4,Bartillon,Ford,54868-6262,Austin,Mini Cooper,2,United Kingdom
Antonia,Gifford,DN36,783,Talmadge,West End,61715-068,Isuzu,Amigo,1,United Kingdom
Melva,Boreland,RG20,1,Meadow Vale,Newtown,0085-1312,Jeep,Wrangler,3,United Kingdom
Perl,Yglesia,CT15,6174,Nova,Sutton,54092-385,Suzuki,X-90,1,United Kingdom
Hinda,Goodfield,LE16,60581,Banding,Middleton,52124-1000,Pontiac,Bonneville,3,United Kingdom
Carol,Winter,GL54,1,Dawn,Ford,16252-508,Ford,Expedition,5,United Kingdom
Ronnie,Nickels,AB56,10,Londonderry,Milton,53238-003,Acura,Integra,2,United Kingdom
Justin,Dundon,NR29,73104,Paget,Newport,50036-571,Chevrolet,2500,4,United Kingdom
Damiano,Grinyer,LS6,0076,Ryan,Leeds,0054-3556,Mitsubishi,Starion,1,United Kingdom
Vicki,Kenford,SW1E,1944,Di Loreto,London,41163-214,Lamborghini,Countach,3,United Kingdom
Pat,Lillee,M34,5135,Pepper Wood,Denton,55154-0082,BMW,545,1,United Kingdom
Morry,Gulberg,W1F,39127,Petterle,London,50220-002,Jeep,Grand Cherokee,3,United Kingdom
